触发条件,出现次数,平均收益%,历史最高涨幅平均%,胜率
量能: 放量 (2.82X) | 形态: 10日内有涨停 | 趋势: 高于MA20,1,30.56,30.56,100.0%
"形态: 两连阴 (-1.88%, -3.45%) | 趋势: 高于MA20",1,28.72,33.15,100.0%
量能: 放量 (1.90X) | 形态: 10日内有涨停,1,22.81,22.81,100.0%
"形态: 两连阴 (-2.14%, -1.60%)",1,19.9,21.03,100.0%
量能: 放量 (1.73X) | 形态: 10日内有涨停 | 趋势: 高于MA20,1,15.7,15.7,100.0%
"形态: 两连阴 (-2.87%, -2.87%)",1,15.64,15.64,100.0%
"趋势: 多头排列 (5>20>60) | 形态: 两连阴 (-6.35%, -8.17%)",1,15.36,17.56,100.0%
"形态: 10日内有涨停 | 形态: 两连阴 (-0.32%, -2.37%) | 趋势: 高于MA20",1,14.85,14.85,100.0%
"趋势: 多头排列 (5>20>60) | 形态: 10日内有涨停 | 形态: 两连阴 (-7.35%, -3.49%)",1,13.07,13.07,100.0%
量能: 放量 (2.25X) | 动量: 突破转强 (阳线上穿5/10),1,12.51,12.51,100.0%
"形态: 两连阴 (-2.43%, -5.34%)",1,12.43,12.43,100.0%
"形态: 两连阴 (-3.41%, -2.14%)",1,11.73,17.0,100.0%
趋势: 多头排列 (5>20>60) | 量能: 放量 (1.98X) | 形态: 10日内有涨停 | 趋势: 高于MA20,1,11.58,11.58,100.0%
"形态: 两连阴 (-3.28%, -1.77%)",1,10.08,10.08,100.0%
"形态: 两连阴 (-1.98%, -1.51%)",1,10.05,10.05,100.0%
"形态: 两连阴 (-4.05%, -1.09%)",1,10.04,10.04,100.0%
"形态: 两连阴 (-4.16%, -1.74%)",1,10.04,10.04,100.0%
"形态: 两连阴 (-6.49%, -5.18%)",1,10.03,10.03,100.0%
"形态: 两连阴 (-4.18%, -3.08%)",1,10.03,10.03,100.0%
"趋势: 多头排列 (5>20>60) | 形态: 10日内有涨停 | 形态: 两连阴 (-9.98%, -5.26%) | 趋势: 高于MA20",1,10.03,10.03,100.0%
"形态: 两连阴 (-2.62%, -0.51%)",1,10.01,18.0,100.0%
"形态: 两连阴 (-2.53%, -4.77%)",1,10.0,10.0,100.0%
"形态: 10日内有涨停 | 形态: 两连阴 (-7.19%, -5.18%)",1,9.99,9.99,100.0%
"形态: 10日内有涨停 | 形态: 两连阴 (-4.09%, -3.89%) | 趋势: 高于MA20",1,9.98,9.98,100.0%
"形态: 10日内有涨停 | 形态: 两连阴 (-2.43%, -3.48%)",1,9.97,9.97,100.0%
"量能: 放量 (1.53X) | 形态: 10日内有涨停 | 形态: 两连阴 (-3.46%, -4.41%) | 趋势: 高于MA20 | 动量: 突破转强 (阳线上穿5/10)",1,9.95,9.95,100.0%
"形态: 10日内有涨停 | 形态: 两连阴 (-10.08%, -7.28%)",1,9.91,9.91,100.0%
"形态: 两连阴 (-5.11%, -1.58%)",1,9.85,9.85,100.0%
"形态: 两连阴 (-4.57%, -3.26%)",1,9.8,9.8,100.0%
"形态: 两连阴 (-2.86%, -5.42%)",1,9.74,9.74,100.0%
"形态: 10日内有涨停 | 形态: 两连阴 (-5.11%, -7.85%) | 趋势: 高于MA20",1,9.6,9.6,100.0%
"形态: 两连阴 (-1.09%, -0.88%)",1,9.52,9.52,100.0%
量能: 放量 (1.82X) | 形态: 10日内有涨停 | 趋势: 高于MA20 | 动量: 突破转强 (阳线上穿5/10),1,9.48,9.48,100.0%
"形态: 两连阴 (-3.03%, -2.02%)",1,9.32,9.32,100.0%
"形态: 10日内有涨停 | 形态: 两连阴 (-2.14%, -2.36%) | 趋势: 高于MA20 | 动量: 突破转强 (阳线上穿5/10)",1,9.09,9.09,100.0%
"形态: 两连阴 (-1.95%, -5.31%)",1,8.98,8.98,100.0%
"形态: 两连阴 (-3.58%, -2.58%)",1,8.9,8.9,100.0%
"形态: 10日内有涨停 | 形态: 两连阴 (-4.70%, -3.81%)",1,8.9,8.9,100.0%
"形态: 两连阴 (-2.29%, -2.63%)",1,8.86,8.86,100.0%
"形态: 两连阴 (-2.86%, -1.62%)",1,8.69,22.25,100.0%
"形态: 两连阴 (-2.62%, -2.56%)",1,8.67,8.67,100.0%
"形态: 两连阴 (-4.99%, -10.00%)",1,8.55,8.65,100.0%
"形态: 10日内有涨停 | 形态: 两连阴 (-3.51%, -2.37%) | 趋势: 高于MA20",1,7.97,7.97,100.0%
"形态: 两连阴 (-2.26%, -2.89%)",1,7.95,7.95,100.0%
"形态: 两连阴 (-1.89%, -0.18%)",1,7.75,7.75,100.0%
"形态: 两连阴 (-3.05%, -1.82%)",1,7.47,7.47,100.0%
"形态: 两连阴 (-3.73%, -1.01%)",1,7.46,7.46,100.0%
"形态: 两连阴 (-0.43%, -1.29%)",1,7.44,7.44,100.0%
"形态: 10日内有涨停 | 形态: 两连阴 (-0.31%, -1.96%) | 趋势: 高于MA20",1,7.42,7.42,100.0%
"形态: 两连阴 (-5.12%, -2.98%)",1,7.26,7.26,100.0%
"形态: 两连阴 (-0.87%, -3.50%)",1,7.12,10.42,100.0%
"形态: 两连阴 (-2.27%, -0.22%) | 趋势: 高于MA20",1,7.1,8.46,100.0%
"形态: 两连阴 (-3.97%, -3.35%)",1,7.01,7.01,100.0%
"形态: 两连阴 (-3.45%, -0.31%)",1,6.87,6.87,100.0%
"形态: 两连阴 (-4.04%, -1.47%)",1,6.86,6.86,100.0%
"形态: 两连阴 (-2.09%, -1.97%)",1,6.77,6.77,100.0%
"形态: 两连阴 (-4.06%, -1.27%)",1,6.76,6.76,100.0%
"形态: 两连阴 (-3.60%, -9.99%)",1,6.44,6.44,100.0%
量能: 放量 (3.39X) | 形态: 10日内有涨停 | 趋势: 高于MA20 | 动量: 突破转强 (阳线上穿5/10),1,6.37,10.03,100.0%
"形态: 两连阴 (-3.19%, -1.38%)",1,6.24,6.24,100.0%
"形态: 两连阴 (-4.61%, -2.84%)",1,6.23,6.23,100.0%
"形态: 两连阴 (-2.58%, -1.02%)",1,6.21,6.21,100.0%
"形态: 两连阴 (-2.04%, -0.58%) | 动量: 突破转强 (阳线上穿5/10)",1,6.19,6.19,100.0%
"形态: 两连阴 (-1.90%, -0.97%)",1,6.13,9.15,100.0%
趋势: 多头排列 (5>20>60) | 量能: 放量 (1.57X) | 形态: 10日内有涨停 | 趋势: 高于MA20,1,6.0,6.0,100.0%
"形态: 两连阴 (-1.17%, -0.47%)",1,5.98,5.98,100.0%
"趋势: 多头排列 (5>20>60) | 形态: 两连阴 (-2.92%, -1.89%) | 趋势: 高于MA20",1,5.98,5.98,100.0%
"形态: 两连阴 (-2.41%, -2.47%)",1,5.9,5.9,100.0%
"形态: 10日内有涨停 | 形态: 两连阴 (-1.30%, -1.05%) | 趋势: 高于MA20",1,5.86,5.86,100.0%
"形态: 两连阴 (-0.43%, -1.95%)",1,5.83,13.86,100.0%
量能: 放量 (2.25X) | 形态: 10日内有涨停 | 趋势: 高于MA20 | 动量: 突破转强 (阳线上穿5/10),1,5.76,5.76,100.0%
"形态: 两连阴 (-2.60%, -1.75%)",1,5.76,5.76,100.0%
"形态: 两连阴 (-2.57%, -3.46%)",1,5.69,5.69,100.0%
"形态: 两连阴 (-0.33%, -1.16%)",1,5.59,5.59,100.0%
"形态: 两连阴 (-3.00%, -0.40%)",1,5.56,5.56,100.0%
"形态: 两连阴 (-6.16%, -1.99%)",1,5.53,14.43,100.0%
"形态: 10日内有涨停 | 形态: 两连阴 (-1.45%, -1.39%) | 动量: 突破转强 (阳线上穿5/10)",1,5.35,21.04,100.0%
"形态: 两连阴 (-3.55%, -4.39%)",1,5.25,5.25,100.0%
"形态: 两连阴 (-5.59%, -1.05%)",1,5.24,5.24,100.0%
"形态: 10日内有涨停 | 形态: 两连阴 (-5.69%, -2.30%)",1,5.24,5.24,100.0%
"趋势: 多头排列 (5>20>60) | 形态: 两连阴 (-1.84%, -2.68%) | 趋势: 高于MA20",1,5.14,5.14,100.0%
"形态: 两连阴 (-0.17%, -3.61%)",1,5.12,5.12,100.0%
"形态: 10日内有涨停 | 形态: 两连阴 (-5.90%, -0.96%)",1,5.04,5.04,100.0%
"形态: 10日内有涨停 | 形态: 两连阴 (-8.12%, -5.45%)",1,5.02,5.02,100.0%
"形态: 10日内有涨停 | 形态: 两连阴 (-5.78%, -6.04%)",1,5.02,5.02,100.0%
"形态: 两连阴 (-2.78%, -10.00%)",1,4.96,4.96,100.0%
"形态: 两连阴 (-3.93%, -1.48%)",1,4.96,4.96,100.0%
量能: 放量 (1.83X) | 形态: 10日内有涨停 | 趋势: 高于MA20,1,4.76,4.76,100.0%
"形态: 两连阴 (-4.90%, -3.28%)",1,4.7,4.7,100.0%
"形态: 10日内有涨停 | 形态: 两连阴 (-3.58%, -3.00%)",1,4.7,4.7,100.0%
"形态: 两连阴 (-2.15%, -2.55%)",1,4.69,4.69,100.0%
"形态: 10日内有涨停 | 形态: 两连阴 (-9.95%, -10.02%) | 趋势: 高于MA20",1,4.65,4.65,100.0%
"形态: 两连阴 (-1.18%, -0.32%)",1,4.59,6.77,100.0%
"形态: 两连阴 (-1.69%, -2.30%)",1,4.52,4.52,100.0%
"形态: 两连阴 (-4.32%, -4.42%)",1,4.5,4.5,100.0%
"形态: 两连阴 (-3.41%, -1.18%)",1,4.49,4.49,100.0%
"形态: 两连阴 (-0.39%, -4.25%) | 动量: 突破转强 (阳线上穿5/10)",1,4.46,4.46,100.0%
"形态: 两连阴 (-2.84%, -1.12%)",1,4.35,4.35,100.0%
"量能: 放量 (1.88X) | 形态: 两连阴 (-4.16%, -0.98%)",1,4.25,4.25,100.0%
"形态: 10日内有涨停 | 形态: 两连阴 (-5.05%, -1.12%)",1,4.24,4.24,100.0%
"形态: 10日内有涨停 | 形态: 两连阴 (-3.98%, -1.53%)",1,4.22,4.22,100.0%
"形态: 10日内有涨停 | 形态: 两连阴 (-5.35%, -8.34%)",1,4.21,4.21,100.0%
"形态: 两连阴 (-2.53%, -1.73%)",1,4.21,4.21,100.0%
"形态: 两连阴 (-8.36%, -3.39%)",1,4.13,4.13,100.0%
"形态: 两连阴 (-0.14%, -0.14%)",1,4.12,4.69,100.0%
"形态: 两连阴 (-1.39%, -3.53%)",1,4.12,4.12,100.0%
"形态: 两连阴 (-2.11%, -1.72%)",1,4.09,4.09,100.0%
"趋势: 多头排列 (5>20>60) | 形态: 10日内有涨停 | 形态: 两连阴 (-4.79%, -1.44%) | 趋势: 高于MA20",1,4.07,4.07,100.0%
"形态: 10日内有涨停 | 形态: 两连阴 (-2.26%, -4.71%)",1,4.06,4.06,100.0%
"形态: 两连阴 (-0.18%, -0.18%)",1,4.05,4.05,100.0%
"形态: 10日内有涨停 | 形态: 两连阴 (-4.69%, -0.91%)",1,4.02,4.02,100.0%
"形态: 两连阴 (-3.59%, -0.57%)",1,4.01,4.01,100.0%
"形态: 两连阴 (-4.30%, -1.59%)",1,4.0,4.0,100.0%
"形态: 两连阴 (-5.23%, -1.15%)",1,3.96,3.96,100.0%
"形态: 两连阴 (-1.55%, -2.37%)",1,3.93,3.93,100.0%
"形态: 两连阴 (-3.43%, -2.17%)",1,3.92,8.43,100.0%
"形态: 两连阴 (-2.79%, -3.42%)",1,3.91,3.91,100.0%
"形态: 两连阴 (-4.40%, -2.41%)",1,3.88,3.88,100.0%
"形态: 两连阴 (-3.42%, -3.54%)",1,3.86,3.86,100.0%
量能: 放量 (1.56X) | 形态: 10日内有涨停 | 趋势: 高于MA20 | 动量: 突破转强 (阳线上穿5/10),1,3.85,10.0,100.0%
"形态: 10日内有涨停 | 形态: 两连阴 (-5.14%, -10.00%)",1,3.83,3.83,100.0%
"形态: 两连阴 (-3.13%, -1.62%)",1,3.82,3.82,100.0%
"形态: 10日内有涨停 | 形态: 两连阴 (-0.39%, -4.28%)",1,3.82,21.02,100.0%
"形态: 两连阴 (-3.01%, -1.65%)",1,3.81,3.81,100.0%
"形态: 10日内有涨停 | 形态: 两连阴 (-5.54%, -4.75%)",1,3.78,3.78,100.0%
"形态: 两连阴 (-4.08%, -0.55%)",1,3.77,3.77,100.0%
"趋势: 多头排列 (5>20>60) | 形态: 10日内有涨停 | 形态: 两连阴 (-5.88%, -4.04%) | 趋势: 高于MA20",1,3.75,3.75,100.0%
"形态: 两连阴 (-2.40%, -0.48%)",1,3.72,3.72,100.0%
"形态: 两连阴 (-2.14%, -0.36%)",1,3.69,3.69,100.0%
"形态: 两连阴 (-4.46%, -1.65%)",1,3.64,3.64,100.0%
"形态: 两连阴 (-3.72%, -2.10%)",1,3.64,3.64,100.0%
"形态: 两连阴 (-3.05%, -0.45%)",1,3.56,3.56,100.0%
"形态: 两连阴 (-3.93%, -2.89%)",1,3.56,3.56,100.0%
"形态: 10日内有涨停 | 形态: 两连阴 (-4.38%, -10.01%)",1,3.54,3.54,100.0%
"形态: 两连阴 (-0.26%, -1.72%)",1,3.52,6.38,100.0%
"形态: 两连阴 (-4.09%, -0.29%)",1,3.51,3.51,100.0%
"形态: 两连阴 (-5.17%, -1.67%)",1,3.47,3.47,100.0%
"形态: 两连阴 (-2.86%, -0.82%)",1,3.47,3.47,100.0%
"趋势: 多头排列 (5>20>60) | 形态: 10日内有涨停 | 形态: 两连阴 (-1.50%, -3.96%) | 趋势: 高于MA20",1,3.47,3.47,100.0%
"形态: 10日内有涨停 | 形态: 两连阴 (-4.52%, -2.65%)",1,3.45,3.45,100.0%
"形态: 两连阴 (-2.89%, -0.41%)",1,3.45,3.45,100.0%
"形态: 两连阴 (-0.45%, -0.68%)",1,3.41,5.8,100.0%
"形态: 两连阴 (-4.68%, -2.14%)",1,3.41,3.41,100.0%
"量能: 放量 (1.86X) | 形态: 10日内有涨停 | 形态: 两连阴 (-9.85%, -9.98%)",1,3.38,3.38,100.0%
"量能: 放量 (1.54X) | 形态: 两连阴 (-4.88%, -1.79%)",1,3.35,3.35,100.0%
"量能: 放量 (1.84X) | 形态: 两连阴 (-4.05%, -0.13%)",1,3.34,3.34,100.0%
"形态: 两连阴 (-3.89%, -6.51%)",1,3.34,3.34,100.0%
"形态: 两连阴 (-3.42%, -1.80%)",1,3.33,3.33,100.0%
"形态: 两连阴 (-3.32%, -5.61%)",1,3.33,6.06,100.0%
"形态: 两连阴 (-3.74%, -1.74%)",1,3.32,3.32,100.0%
"形态: 两连阴 (-3.32%, -0.95%)",1,3.32,3.32,100.0%
"形态: 两连阴 (-2.77%, -0.61%)",1,3.32,3.32,100.0%
"形态: 两连阴 (-2.34%, -0.55%)",1,3.29,3.29,100.0%
"形态: 两连阴 (-3.71%, -2.16%)",1,3.29,3.29,100.0%
"形态: 两连阴 (-2.18%, -4.16%)",1,3.26,3.26,100.0%
"形态: 两连阴 (-2.19%, -0.15%)",1,3.26,3.26,100.0%
"形态: 两连阴 (-3.97%, -1.87%)",1,3.24,3.24,100.0%
"形态: 两连阴 (-3.82%, -1.87%)",1,3.23,3.23,100.0%
"形态: 两连阴 (-3.34%, -3.03%)",1,3.23,3.23,100.0%
"趋势: 多头排列 (5>20>60) | 形态: 10日内有涨停 | 形态: 两连阴 (-10.00%, -8.65%)",1,3.23,3.23,100.0%
"形态: 10日内有涨停 | 形态: 两连阴 (-9.98%, -7.27%)",1,3.22,3.22,100.0%
"形态: 两连阴 (-5.60%, -4.88%)",1,3.21,3.21,100.0%
"形态: 10日内有涨停 | 形态: 两连阴 (-4.95%, -4.72%)",1,3.21,3.21,100.0%
"形态: 两连阴 (-5.44%, -1.15%)",1,3.2,3.2,100.0%
"形态: 两连阴 (-3.06%, -0.68%)",1,3.19,3.19,100.0%
"形态: 两连阴 (-3.73%, -2.56%)",1,3.19,3.19,100.0%
"形态: 两连阴 (-3.01%, -1.24%)",1,3.15,3.15,100.0%
"形态: 两连阴 (-3.10%, -2.47%)",1,3.14,3.14,100.0%
"形态: 两连阴 (-2.50%, -0.26%)",1,3.13,3.13,100.0%
"形态: 两连阴 (-1.72%, -1.75%)",1,3.12,3.12,100.0%
"形态: 两连阴 (-2.59%, -0.97%)",1,3.09,3.09,100.0%
"形态: 两连阴 (-3.99%, -1.59%)",1,3.09,3.09,100.0%
"形态: 两连阴 (-4.15%, -3.05%)",1,3.09,3.09,100.0%
"形态: 10日内有涨停 | 形态: 两连阴 (-3.16%, -2.88%)",1,3.09,3.09,100.0%
"形态: 两连阴 (-3.87%, -0.80%)",1,3.08,3.08,100.0%
"形态: 两连阴 (-3.97%, -1.38%)",1,3.07,3.07,100.0%
"形态: 两连阴 (-3.52%, -0.63%)",1,3.07,3.07,100.0%
"形态: 两连阴 (-2.93%, -2.35%)",1,3.06,3.06,100.0%
"形态: 两连阴 (-0.59%, -2.26%)",1,3.04,9.23,100.0%
"形态: 两连阴 (-6.86%, -2.99%)",1,2.99,2.99,100.0%
"形态: 两连阴 (-2.43%, -2.67%)",1,2.97,2.97,100.0%
"形态: 两连阴 (-1.48%, -3.95%)",1,2.95,6.1,100.0%
"形态: 两连阴 (-2.80%, -0.58%)",1,2.94,2.94,100.0%
"形态: 两连阴 (-2.63%, -0.96%)",1,2.94,2.94,100.0%
"形态: 两连阴 (-2.58%, -1.19%)",1,2.94,2.94,100.0%
"形态: 两连阴 (-5.22%, -0.10%)",1,2.92,2.92,100.0%
"形态: 两连阴 (-3.55%, -1.38%)",1,2.91,2.91,100.0%
"形态: 两连阴 (-3.72%, -2.81%)",1,2.89,2.89,100.0%
"形态: 两连阴 (-0.18%, -3.04%)",1,2.88,2.88,100.0%
"形态: 两连阴 (-3.77%, -3.10%)",1,2.88,2.88,100.0%
"形态: 两连阴 (-3.13%, -1.81%)",1,2.88,2.88,100.0%
量能: 放量 (1.51X) | 趋势: 高于MA20 | 动量: 突破转强 (阳线上穿5/10),2,2.8749999999999996,5.625,50.0%
"形态: 两连阴 (-0.19%, -3.45%)",1,2.87,7.96,100.0%
"形态: 两连阴 (-3.88%, -1.21%)",1,2.86,2.86,100.0%
"形态: 两连阴 (-3.82%, -0.23%)",1,2.85,2.85,100.0%
"形态: 两连阴 (-3.20%, -0.24%)",1,2.85,2.85,100.0%
"形态: 两连阴 (-2.36%, -2.90%)",1,2.85,2.85,100.0%
"形态: 两连阴 (-3.14%, -1.67%)",1,2.83,2.83,100.0%
"趋势: 多头排列 (5>20>60) | 形态: 10日内有涨停 | 形态: 两连阴 (-3.58%, -9.60%)",1,2.83,2.83,100.0%
"形态: 两连阴 (-3.74%, -1.12%)",1,2.82,2.82,100.0%
"形态: 两连阴 (-1.54%, -1.93%)",1,2.81,2.81,100.0%
"形态: 两连阴 (-3.64%, -1.55%)",1,2.8,2.8,100.0%
"形态: 两连阴 (-5.59%, -3.34%)",1,2.78,2.78,100.0%
"形态: 两连阴 (-3.39%, -0.44%)",1,2.78,2.78,100.0%
"形态: 两连阴 (-3.29%, -1.13%)",1,2.76,2.76,100.0%
"形态: 两连阴 (-7.84%, -3.25%)",1,2.75,2.75,100.0%
"形态: 两连阴 (-4.00%, -0.83%)",1,2.73,2.73,100.0%
"形态: 两连阴 (-0.82%, -0.83%)",1,2.72,4.89,100.0%
"形态: 两连阴 (-2.80%, -2.64%)",1,2.7,2.7,100.0%
"形态: 两连阴 (-3.92%, -0.72%)",1,2.69,2.69,100.0%
"形态: 两连阴 (-2.97%, -0.68%)",1,2.67,2.67,100.0%
"形态: 两连阴 (-0.84%, -0.56%)",1,2.65,2.65,100.0%
"形态: 两连阴 (-2.07%, -0.76%)",1,2.62,2.62,100.0%
"形态: 两连阴 (-2.99%, -0.51%)",1,2.62,2.62,100.0%
"形态: 两连阴 (-0.16%, -3.40%)",1,2.61,2.61,100.0%
"形态: 两连阴 (-3.77%, -1.61%)",1,2.61,2.61,100.0%
"形态: 两连阴 (-2.65%, -0.17%)",1,2.6,2.6,100.0%
"形态: 两连阴 (-3.11%, -4.37%)",1,2.59,2.59,100.0%
量能: 放量 (2.24X) | 动量: 突破转强 (阳线上穿5/10),1,2.59,10.07,100.0%
"形态: 两连阴 (-2.86%, -1.74%)",1,2.58,2.58,100.0%
"形态: 两连阴 (-1.71%, -0.77%)",1,2.56,2.56,100.0%
"形态: 两连阴 (-4.29%, -2.07%) | 动量: 突破转强 (阳线上穿5/10)",1,2.56,2.56,100.0%
"形态: 两连阴 (-2.22%, -1.59%)",1,2.56,2.56,100.0%
"形态: 两连阴 (-3.73%, -0.75%)",1,2.55,2.55,100.0%
"形态: 两连阴 (-3.29%, -3.10%)",1,2.55,2.55,100.0%
"形态: 两连阴 (-3.09%, -1.77%)",1,2.54,2.54,100.0%
"形态: 两连阴 (-8.29%, -3.01%)",1,2.54,2.54,100.0%
"形态: 10日内有涨停 | 形态: 两连阴 (-4.01%, -2.47%)",1,2.54,2.54,100.0%
"形态: 两连阴 (-2.44%, -0.83%)",1,2.54,2.54,100.0%
"形态: 两连阴 (-2.54%, -1.65%)",1,2.53,2.53,100.0%
"形态: 两连阴 (-4.37%, -3.79%)",1,2.53,2.53,100.0%
"形态: 两连阴 (-4.27%, -1.18%)",1,2.53,2.53,100.0%
"形态: 两连阴 (-3.78%, -2.37%)",1,2.53,2.53,100.0%
"形态: 两连阴 (-1.92%, -0.18%)",1,2.52,2.52,100.0%
"形态: 两连阴 (-3.10%, -0.69%)",1,2.52,2.52,100.0%
"形态: 两连阴 (-2.29%, -0.91%)",1,2.52,2.52,100.0%
"形态: 两连阴 (-1.93%, -1.23%)",1,2.51,2.51,100.0%
"形态: 两连阴 (-1.45%, -4.24%)",1,2.51,2.51,100.0%
"形态: 两连阴 (-4.19%, -0.19%)",1,2.51,2.51,100.0%
"形态: 两连阴 (-4.30%, -3.45%)",1,2.51,2.51,100.0%
"形态: 两连阴 (-3.90%, -0.81%)",1,2.48,2.48,100.0%
"形态: 两连阴 (-3.69%, -3.65%)",1,2.48,2.48,100.0%
"形态: 两连阴 (-2.31%, -2.23%)",1,2.44,2.44,100.0%
"形态: 两连阴 (-3.02%, -0.72%)",1,2.44,2.44,100.0%
"形态: 两连阴 (-2.51%, -1.20%)",1,2.44,2.44,100.0%
"形态: 10日内有涨停 | 形态: 两连阴 (-3.47%, -2.55%)",1,2.42,2.42,100.0%
"形态: 两连阴 (-2.75%, -0.63%)",1,2.4,2.4,100.0%
"形态: 两连阴 (-2.31%, -1.18%)",1,2.4,2.4,100.0%
"形态: 10日内有涨停 | 形态: 两连阴 (-2.35%, -0.21%)",1,2.4,2.4,100.0%
"形态: 两连阴 (-3.02%, -1.87%)",1,2.39,2.39,100.0%
"形态: 两连阴 (-3.00%, -1.19%)",1,2.38,2.38,100.0%
"形态: 10日内有涨停 | 形态: 两连阴 (-2.64%, -3.00%)",1,2.38,2.38,100.0%
"形态: 两连阴 (-3.07%, -0.28%)",1,2.37,2.37,100.0%
"形态: 两连阴 (-3.22%, -0.33%)",1,2.36,2.36,100.0%
"形态: 两连阴 (-3.27%, -0.65%)",1,2.36,2.36,100.0%
"形态: 两连阴 (-2.90%, -0.17%)",1,2.35,2.35,100.0%
"形态: 两连阴 (-2.95%, -2.09%)",1,2.34,2.34,100.0%
"形态: 两连阴 (-1.39%, -0.79%)",1,2.34,2.68,100.0%
"形态: 10日内有涨停 | 形态: 两连阴 (-4.20%, -3.71%)",1,2.33,2.33,100.0%
"形态: 两连阴 (-5.16%, -1.38%)",1,2.33,2.33,100.0%
"形态: 两连阴 (-1.24%, -1.76%)",1,2.32,2.32,100.0%
"形态: 两连阴 (-4.52%, -0.53%)",1,2.32,2.32,100.0%
"形态: 两连阴 (-2.34%, -1.47%)",1,2.31,2.31,100.0%
"形态: 两连阴 (-10.02%, -3.36%)",1,2.3,2.3,100.0%
"趋势: 多头排列 (5>20>60) | 形态: 两连阴 (-3.78%, -1.67%)",1,2.3,5.52,100.0%
"形态: 两连阴 (-3.18%, -1.31%)",1,2.29,2.29,100.0%
"形态: 两连阴 (-3.89%, -4.13%)",1,2.29,2.29,100.0%
"形态: 两连阴 (-2.92%, -1.92%)",1,2.28,2.28,100.0%
"形态: 两连阴 (-3.33%, -1.22%)",1,2.27,2.27,100.0%
"形态: 两连阴 (-4.26%, -0.48%)",1,2.26,2.26,100.0%
"形态: 两连阴 (-4.12%, -0.67%)",1,2.26,2.26,100.0%
"形态: 两连阴 (-5.98%, -0.99%)",1,2.22,2.22,100.0%
"形态: 两连阴 (-2.93%, -1.91%)",1,2.22,2.22,100.0%
"形态: 两连阴 (-1.79%, -0.91%)",1,2.22,2.22,100.0%
"形态: 两连阴 (-0.46%, -0.70%) | 趋势: 高于MA20",1,2.22,2.22,100.0%
"形态: 两连阴 (-3.48%, -2.34%)",1,2.21,2.21,100.0%
"形态: 两连阴 (-2.90%, -1.21%)",1,2.19,2.19,100.0%
"形态: 两连阴 (-3.05%, -1.48%)",1,2.19,2.19,100.0%
"形态: 两连阴 (-3.51%, -0.17%)",1,2.19,2.19,100.0%
"形态: 两连阴 (-2.66%, -1.31%)",1,2.18,2.18,100.0%
"形态: 两连阴 (-3.31%, -1.07%)",1,2.17,2.17,100.0%
"形态: 两连阴 (-0.58%, -3.30%)",1,2.16,2.16,100.0%
"形态: 两连阴 (-2.59%, -0.53%)",1,2.16,2.16,100.0%
"形态: 两连阴 (-3.05%, -0.13%)",1,2.14,2.14,100.0%
"形态: 两连阴 (-1.99%, -2.70%)",1,2.14,2.14,100.0%
"形态: 两连阴 (-2.91%, -2.08%)",1,2.14,2.14,100.0%
"形态: 两连阴 (-3.48%, -0.45%)",1,2.13,2.13,100.0%
"形态: 两连阴 (-2.44%, -2.24%)",1,2.13,2.13,100.0%
"形态: 10日内有涨停 | 形态: 两连阴 (-2.70%, -2.11%)",1,2.11,6.88,100.0%
"形态: 两连阴 (-2.85%, -1.65%)",1,2.1,2.1,100.0%
"形态: 两连阴 (-3.97%, -1.20%)",1,2.09,2.09,100.0%
"形态: 两连阴 (-6.86%, -1.84%)",1,2.07,2.07,100.0%
"形态: 两连阴 (-1.80%, -0.82%)",1,2.07,2.07,100.0%
"形态: 两连阴 (-3.98%, -1.74%)",1,2.06,2.06,100.0%
"形态: 两连阴 (-3.22%, -1.62%)",1,2.06,2.06,100.0%
"形态: 两连阴 (-3.27%, -0.23%)",1,2.04,2.04,100.0%
"形态: 10日内有涨停 | 形态: 两连阴 (-4.35%, -4.55%) | 趋势: 高于MA20",1,2.04,2.04,100.0%
"形态: 两连阴 (-3.26%, -1.96%)",1,2.03,2.03,100.0%
"形态: 两连阴 (-3.06%, -0.23%)",1,2.02,2.02,100.0%
"形态: 两连阴 (-1.92%, -0.09%)",1,2.0,2.0,100.0%
"形态: 两连阴 (-4.44%, -0.98%)",1,2.0,2.0,100.0%
"形态: 两连阴 (-3.49%, -0.55%)",1,2.0,2.0,100.0%
"形态: 10日内有涨停 | 形态: 两连阴 (-4.02%, -5.15%) | 趋势: 高于MA20",1,1.97,1.97,100.0%
量能: 放量 (4.70X) | 形态: 10日内有涨停 | 趋势: 高于MA20,1,1.96,1.96,100.0%
"形态: 两连阴 (-5.27%, -2.41%)",1,1.95,1.95,100.0%
"形态: 两连阴 (-3.42%, -4.40%)",1,1.94,1.94,100.0%
"形态: 10日内有涨停 | 形态: 两连阴 (-2.49%, -3.28%)",1,1.92,1.92,100.0%
"形态: 两连阴 (-2.57%, -2.45%)",1,1.92,1.92,100.0%
"形态: 两连阴 (-3.36%, -2.45%)",1,1.91,1.91,100.0%
"形态: 两连阴 (-2.86%, -2.54%)",1,1.91,1.91,100.0%
"形态: 两连阴 (-2.97%, -0.71%)",1,1.9,1.9,100.0%
"形态: 两连阴 (-4.54%, -0.62%)",1,1.89,1.89,100.0%
"形态: 10日内有涨停 | 形态: 两连阴 (-1.65%, -4.20%)",1,1.89,1.89,100.0%
"形态: 两连阴 (-2.85%, -0.98%)",2,1.88,2.25,100.0%
"形态: 两连阴 (-2.73%, -0.23%)",1,1.87,1.87,100.0%
"形态: 10日内有涨停 | 形态: 两连阴 (-2.48%, -2.68%)",1,1.86,1.86,100.0%
"形态: 两连阴 (-3.83%, -0.72%)",1,1.85,1.85,100.0%
"形态: 两连阴 (-2.72%, -0.66%)",1,1.85,1.85,100.0%
"形态: 两连阴 (-3.95%, -1.31%)",1,1.84,1.84,100.0%
"形态: 两连阴 (-3.11%, -0.64%)",1,1.84,1.84,100.0%
"形态: 两连阴 (-2.87%, -1.57%)",1,1.83,1.83,100.0%
"形态: 两连阴 (-3.37%, -1.49%)",1,1.82,1.82,100.0%
"形态: 10日内有涨停 | 形态: 两连阴 (-0.19%, -1.91%)",1,1.8,2.2,100.0%
"形态: 两连阴 (-10.01%, -4.87%)",1,1.8,1.8,100.0%
"形态: 两连阴 (-3.52%, -1.82%)",1,1.8,1.8,100.0%
"形态: 两连阴 (-2.54%, -1.13%)",1,1.8,1.8,100.0%
"形态: 两连阴 (-3.24%, -0.32%)",1,1.78,1.78,100.0%
"形态: 两连阴 (-3.20%, -0.19%)",1,1.76,1.76,100.0%
"形态: 两连阴 (-1.51%, -1.83%)",1,1.72,1.72,100.0%
"形态: 两连阴 (-2.65%, -0.78%)",1,1.72,1.72,100.0%
"形态: 两连阴 (-2.88%, -0.99%)",1,1.71,1.71,100.0%
"趋势: 多头排列 (5>20>60) | 形态: 两连阴 (-0.58%, -4.24%)",1,1.71,1.71,100.0%
"形态: 10日内有涨停 | 形态: 两连阴 (-4.11%, -5.16%)",1,1.7,1.7,100.0%
"形态: 两连阴 (-2.72%, -1.48%)",1,1.7,1.7,100.0%
"形态: 10日内有涨停 | 形态: 两连阴 (-4.41%, -6.64%)",1,1.69,1.69,100.0%
"形态: 两连阴 (-2.40%, -1.85%)",1,1.68,1.68,100.0%
"趋势: 多头排列 (5>20>60) | 形态: 两连阴 (-0.50%, -7.18%) | 趋势: 高于MA20",1,1.66,1.66,100.0%
"形态: 两连阴 (-2.64%, -0.54%)",1,1.65,1.65,100.0%
"形态: 两连阴 (-2.65%, -0.30%)",1,1.65,1.65,100.0%
"形态: 两连阴 (-5.76%, -3.36%)",1,1.64,1.64,100.0%
"形态: 两连阴 (-4.11%, -3.08%)",1,1.62,1.62,100.0%
"趋势: 多头排列 (5>20>60) | 形态: 10日内有涨停 | 形态: 两连阴 (-4.28%, -1.59%) | 趋势: 高于MA20 | 动量: 突破转强 (阳线上穿5/10)",1,1.62,1.62,100.0%
"形态: 两连阴 (-2.09%, -2.14%)",1,1.61,1.61,100.0%
"形态: 两连阴 (-3.37%, -2.36%)",1,1.61,1.61,100.0%
"形态: 10日内有涨停 | 形态: 两连阴 (-3.68%, -6.70%)",1,1.6,1.6,100.0%
"形态: 两连阴 (-1.70%, -0.52%)",1,1.59,1.59,100.0%
"形态: 两连阴 (-3.06%, -1.58%)",1,1.59,1.59,100.0%
"形态: 两连阴 (-2.58%, -0.93%)",1,1.59,1.59,100.0%
"形态: 两连阴 (-5.87%, -0.89%)",1,1.59,1.59,100.0%
"形态: 两连阴 (-3.58%, -1.54%)",1,1.59,1.59,100.0%
"形态: 两连阴 (-2.09%, -0.93%)",1,1.58,1.58,100.0%
"形态: 两连阴 (-2.67%, -0.46%)",1,1.57,1.57,100.0%
"形态: 两连阴 (-3.22%, -1.28%)",1,1.57,1.57,100.0%
"形态: 两连阴 (-3.24%, -0.71%)",1,1.57,1.57,100.0%
"趋势: 多头排列 (5>20>60) | 形态: 10日内有涨停 | 形态: 两连阴 (-2.35%, -7.30%) | 趋势: 高于MA20",1,1.56,4.67,100.0%
"形态: 两连阴 (-3.89%, -0.77%)",1,1.56,1.56,100.0%
"形态: 两连阴 (-3.67%, -2.71%)",1,1.56,1.56,100.0%
"形态: 两连阴 (-2.12%, -0.22%)",1,1.55,1.55,100.0%
"形态: 两连阴 (-2.61%, -1.71%)",1,1.54,1.54,100.0%
"形态: 10日内有涨停 | 形态: 两连阴 (-3.48%, -0.76%)",1,1.54,1.54,100.0%
"形态: 两连阴 (-9.64%, -0.26%)",1,1.54,1.54,100.0%
"形态: 两连阴 (-0.88%, -1.13%)",1,1.52,5.84,100.0%
"形态: 10日内有涨停 | 形态: 两连阴 (-2.51%, -5.91%)",1,1.52,1.52,100.0%
"形态: 两连阴 (-0.96%, -2.27%)",1,1.52,1.52,100.0%
"形态: 两连阴 (-1.04%, -3.47%)",1,1.5,1.58,100.0%
"形态: 两连阴 (-2.81%, -0.75%)",1,1.49,1.49,100.0%
"形态: 两连阴 (-1.98%, -1.01%)",1,1.48,1.48,100.0%
"形态: 两连阴 (-2.12%, -4.33%)",1,1.47,1.47,100.0%
"形态: 两连阴 (-2.69%, -2.85%)",1,1.47,1.47,100.0%
"趋势: 多头排列 (5>20>60) | 量能: 放量 (1.69X) | 形态: 10日内有涨停 | 形态: 两连阴 (-2.90%, -1.43%) | 趋势: 高于MA20",1,1.46,1.46,100.0%
"形态: 两连阴 (-2.61%, -2.07%)",1,1.45,1.45,100.0%
"形态: 两连阴 (-2.78%, -0.48%)",1,1.43,1.43,100.0%
"形态: 两连阴 (-2.21%, -5.66%)",1,1.43,1.43,100.0%
"形态: 两连阴 (-4.50%, -1.10%)",1,1.42,1.42,100.0%
"形态: 两连阴 (-5.12%, -2.92%)",1,1.42,1.42,100.0%
"形态: 两连阴 (-0.15%, -2.21%)",1,1.4,1.4,100.0%
"形态: 10日内有涨停 | 形态: 两连阴 (-4.63%, -5.00%)",1,1.4,18.2,100.0%
"形态: 两连阴 (-1.35%, -0.74%)",1,1.4,1.4,100.0%
"形态: 两连阴 (-2.40%, -1.38%)",1,1.4,1.4,100.0%
"趋势: 多头排列 (5>20>60) | 形态: 10日内有涨停 | 形态: 两连阴 (-3.26%, -0.84%)",1,1.4,1.4,100.0%
"形态: 两连阴 (-2.68%, -1.03%)",1,1.39,1.39,100.0%
"形态: 两连阴 (-3.80%, -2.12%)",1,1.39,1.39,100.0%
"形态: 两连阴 (-1.16%, -0.94%)",1,1.39,2.08,100.0%
"形态: 10日内有涨停 | 形态: 两连阴 (-9.58%, -2.39%)",1,1.38,1.38,100.0%
"形态: 两连阴 (-0.46%, -1.14%)",1,1.37,2.06,100.0%
量能: 放量 (1.55X) | 形态: 10日内有涨停 | 趋势: 高于MA20,1,1.37,1.37,100.0%
"形态: 两连阴 (-3.07%, -1.50%)",1,1.36,1.36,100.0%
"形态: 两连阴 (-4.24%, -4.06%)",1,1.34,1.34,100.0%
"形态: 两连阴 (-2.91%, -1.13%)",1,1.34,1.34,100.0%
"形态: 两连阴 (-3.49%, -0.66%)",1,1.33,1.33,100.0%
"形态: 两连阴 (-2.89%, -1.94%)",1,1.33,1.33,100.0%
"形态: 两连阴 (-3.16%, -0.22%)",1,1.32,1.32,100.0%
"形态: 两连阴 (-1.70%, -3.07%) | 趋势: 高于MA20",1,1.31,1.31,100.0%
"趋势: 多头排列 (5>20>60) | 形态: 两连阴 (-3.03%, -3.49%)",1,1.3,7.29,100.0%
"形态: 10日内有涨停 | 形态: 两连阴 (-5.42%, -3.05%)",1,1.29,1.29,100.0%
"形态: 两连阴 (-2.99%, -0.14%)",1,1.26,1.26,100.0%
"形态: 两连阴 (-4.20%, -4.47%)",1,1.26,1.26,100.0%
"形态: 10日内有涨停 | 形态: 两连阴 (-10.02%, -7.55%)",1,1.24,1.24,100.0%
"形态: 两连阴 (-4.88%, -2.64%)",1,1.23,1.23,100.0%
"形态: 两连阴 (-3.66%, -1.20%)",1,1.22,1.22,100.0%
"形态: 两连阴 (-3.54%, -0.80%) | 趋势: 高于MA20",1,1.22,1.22,100.0%
"形态: 两连阴 (-3.85%, -2.44%)",1,1.2,1.2,100.0%
"形态: 两连阴 (-1.95%, -1.00%)",1,1.19,1.19,100.0%
"形态: 10日内有涨停 | 形态: 两连阴 (-2.87%, -2.11%)",1,1.19,1.19,100.0%
"形态: 两连阴 (-1.59%, -1.14%)",1,1.18,1.18,100.0%
"形态: 两连阴 (-0.57%, -0.38%)",1,1.16,1.16,100.0%
"形态: 两连阴 (-19.16%, -0.96%)",1,1.15,3.45,100.0%
"形态: 两连阴 (-4.02%, -3.25%)",1,1.15,1.15,100.0%
"形态: 两连阴 (-2.19%, -1.86%)",1,1.14,1.14,100.0%
"趋势: 多头排列 (5>20>60) | 形态: 10日内有涨停 | 形态: 两连阴 (-3.52%, -8.23%) | 趋势: 高于MA20",1,1.14,1.14,100.0%
"形态: 两连阴 (-2.25%, -3.24%)",1,1.13,1.13,100.0%
"形态: 两连阴 (-0.19%, -1.73%)",1,1.13,2.83,100.0%
"形态: 两连阴 (-3.65%, -1.89%)",1,1.12,1.12,100.0%
"形态: 两连阴 (-1.32%, -1.70%)",1,1.11,1.11,100.0%
"形态: 两连阴 (-3.02%, -1.65%)",1,1.1,1.1,100.0%
"趋势: 多头排列 (5>20>60) | 形态: 10日内有涨停 | 形态: 两连阴 (-0.10%, -5.64%) | 趋势: 高于MA20",1,1.09,1.09,100.0%
"形态: 两连阴 (-0.45%, -2.45%)",1,1.08,2.61,100.0%
"形态: 10日内有涨停 | 形态: 两连阴 (-2.60%, -4.47%)",1,1.07,1.07,100.0%
"形态: 两连阴 (-2.50%, -1.20%)",1,1.06,1.06,100.0%
"形态: 两连阴 (-1.11%, -2.62%)",1,1.05,1.05,100.0%
"形态: 两连阴 (-3.02%, -1.46%)",1,1.05,1.05,100.0%
"形态: 10日内有涨停 | 形态: 两连阴 (-0.73%, -4.33%)",1,1.04,1.04,100.0%
"形态: 两连阴 (-7.11%, -2.70%)",1,1.03,1.03,100.0%
"形态: 10日内有涨停 | 形态: 两连阴 (-3.42%, -6.11%)",1,1.03,1.03,100.0%
"形态: 两连阴 (-2.34%, -0.51%)",1,1.02,1.02,100.0%
"形态: 两连阴 (-3.75%, -3.97%)",1,1.02,1.02,100.0%
"形态: 两连阴 (-2.80%, -1.92%)",1,0.99,0.99,100.0%
量能: 放量 (1.52X) | 形态: 10日内有涨停 | 趋势: 高于MA20,1,0.97,3.14,100.0%
"形态: 两连阴 (-4.58%, -1.45%)",1,0.97,0.97,100.0%
"形态: 两连阴 (-2.13%, -0.78%)",1,0.96,0.96,100.0%
"形态: 两连阴 (-1.41%, -0.07%)",1,0.96,0.96,100.0%
"形态: 10日内有涨停 | 形态: 两连阴 (-3.53%, -4.95%)",1,0.96,0.96,100.0%
"形态: 两连阴 (-3.39%, -6.23%)",1,0.94,0.94,100.0%
"形态: 两连阴 (-2.77%, -0.11%)",1,0.92,0.92,100.0%
"形态: 两连阴 (-1.01%, -2.92%)",1,0.92,0.92,100.0%
"形态: 两连阴 (-2.57%, -5.48%)",1,0.92,0.92,100.0%
量能: 放量 (1.52X) | 形态: 10日内有涨停 | 趋势: 高于MA20 | 动量: 突破转强 (阳线上穿5/10),2,0.915,8.945,50.0%
"形态: 两连阴 (-2.39%, -0.82%)",1,0.91,0.91,100.0%
"形态: 两连阴 (-1.76%, -1.90%)",1,0.91,0.91,100.0%
"形态: 两连阴 (-2.33%, -1.33%) | 趋势: 高于MA20",1,0.9,0.9,100.0%
"形态: 两连阴 (-4.10%, -3.38%)",1,0.89,0.89,100.0%
"形态: 两连阴 (-1.51%, -0.68%)",1,0.88,0.88,100.0%
"形态: 两连阴 (-2.63%, -4.15%)",1,0.88,0.88,100.0%
"形态: 两连阴 (-2.22%, -1.86%)",1,0.85,0.85,100.0%
"形态: 10日内有涨停 | 形态: 两连阴 (-0.33%, -1.96%)",1,0.85,0.85,100.0%
"趋势: 多头排列 (5>20>60) | 形态: 10日内有涨停 | 形态: 两连阴 (-0.10%, -8.48%)",1,0.85,2.67,100.0%
"形态: 10日内有涨停 | 形态: 两连阴 (-7.41%, -4.71%)",1,0.84,0.84,100.0%
"形态: 两连阴 (-4.02%, -6.32%)",1,0.84,0.84,100.0%
"形态: 两连阴 (-3.80%, -1.74%)",1,0.82,0.82,100.0%
"形态: 两连阴 (-3.39%, -0.65%)",1,0.8,0.8,100.0%
"形态: 两连阴 (-1.81%, -0.26%)",1,0.8,0.8,100.0%
"形态: 两连阴 (-3.64%, -0.50%)",1,0.8,0.8,100.0%
"形态: 两连阴 (-0.40%, -1.06%)",1,0.78,2.34,100.0%
"形态: 两连阴 (-3.96%, -1.88%)",1,0.78,0.78,100.0%
"形态: 两连阴 (-4.12%, -4.80%)",1,0.77,0.77,100.0%
"形态: 两连阴 (-3.49%, -2.62%)",1,0.75,0.75,100.0%
"形态: 两连阴 (-3.84%, -2.18%)",1,0.75,0.75,100.0%
"形态: 10日内有涨停 | 形态: 两连阴 (-5.49%, -7.07%) | 趋势: 高于MA20 | 动量: 突破转强 (阳线上穿5/10)",1,0.74,0.74,100.0%
"形态: 两连阴 (-2.89%, -3.40%)",1,0.73,0.73,100.0%
"形态: 两连阴 (-0.72%, -1.45%)",1,0.73,0.73,100.0%
"形态: 两连阴 (-2.21%, -2.34%)",1,0.72,0.72,100.0%
"形态: 两连阴 (-2.18%, -2.09%)",1,0.72,0.72,100.0%
"形态: 10日内有涨停 | 形态: 两连阴 (-4.92%, -3.03%)",1,0.71,0.71,100.0%
"形态: 两连阴 (-3.11%, -0.42%)",1,0.71,0.71,100.0%
"形态: 10日内有涨停 | 形态: 两连阴 (-4.59%, -0.72%)",1,0.71,0.71,100.0%
"形态: 两连阴 (-2.17%, -2.22%)",1,0.7,0.7,100.0%
"形态: 10日内有涨停 | 形态: 两连阴 (-7.60%, -5.30%)",1,0.69,0.69,100.0%
"形态: 两连阴 (-4.19%, -0.11%)",1,0.67,2.36,100.0%
"形态: 两连阴 (-3.96%, -6.43%)",1,0.67,0.67,100.0%
"形态: 两连阴 (-1.60%, -1.14%)",1,0.66,0.66,100.0%
"形态: 两连阴 (-0.54%, -5.48%)",1,0.66,0.66,100.0%
"形态: 两连阴 (-4.61%, -7.58%)",1,0.65,0.65,100.0%
"形态: 两连阴 (-3.75%, -1.54%)",1,0.65,0.65,100.0%
"形态: 两连阴 (-3.29%, -0.21%)",1,0.65,0.65,100.0%
"形态: 两连阴 (-2.54%, -1.25%)",1,0.65,0.65,100.0%
"形态: 两连阴 (-2.11%, -2.88%)",1,0.65,0.65,100.0%
"形态: 两连阴 (-3.56%, -1.64%)",1,0.63,0.63,100.0%
"形态: 两连阴 (-1.37%, -0.32%)",1,0.63,4.5,100.0%
"形态: 两连阴 (-2.51%, -1.82%)",1,0.63,0.63,100.0%
"形态: 两连阴 (-2.94%, -1.01%)",1,0.63,0.63,100.0%
"形态: 两连阴 (-1.64%, -0.83%)",1,0.63,0.63,100.0%
"形态: 两连阴 (-2.75%, -1.01%)",1,0.61,0.61,100.0%
"形态: 10日内有涨停 | 形态: 两连阴 (-3.72%, -2.67%)",1,0.6,0.6,100.0%
"形态: 10日内有涨停 | 形态: 两连阴 (-4.83%, -4.10%)",1,0.6,0.6,100.0%
"形态: 10日内有涨停 | 形态: 两连阴 (-5.90%, -3.71%)",1,0.6,0.6,100.0%
"形态: 两连阴 (-4.94%, -2.75%)",1,0.58,0.58,100.0%
"形态: 两连阴 (-0.29%, -1.46%)",1,0.58,1.73,100.0%
"形态: 两连阴 (-0.14%, -1.63%)",1,0.57,0.57,100.0%
量能: 放量 (1.50X) | 形态: 10日内有涨停 | 趋势: 高于MA20,2,0.56,2.705,100.0%
"形态: 两连阴 (-2.14%, -2.96%)",1,0.53,0.53,100.0%
"形态: 10日内有涨停 | 形态: 两连阴 (-2.78%, -3.64%)",1,0.52,0.52,100.0%
"形态: 两连阴 (-5.42%, -2.82%)",1,0.51,0.51,100.0%
"形态: 两连阴 (-0.25%, -1.28%)",1,0.51,3.28,100.0%
"形态: 两连阴 (-3.31%, -1.40%)",1,0.51,0.51,100.0%
量能: 放量 (1.80X) | 形态: 10日内有涨停,1,0.5,0.5,100.0%
"形态: 两连阴 (-2.45%, -2.37%)",1,0.5,0.5,100.0%
量能: 放量 (1.74X) | 形态: 10日内有涨停 | 趋势: 高于MA20 | 动量: 突破转强 (阳线上穿5/10),1,0.5,0.5,100.0%
"形态: 10日内有涨停 | 形态: 两连阴 (-3.73%, -1.94%) | 趋势: 高于MA20",1,0.49,0.49,100.0%
"形态: 10日内有涨停 | 形态: 两连阴 (-1.67%, -2.16%) | 趋势: 高于MA20",1,0.48,0.48,100.0%
"形态: 两连阴 (-0.63%, -2.05%)",1,0.47,3.86,100.0%
"形态: 两连阴 (-0.73%, -2.07%)",1,0.47,0.47,100.0%
"形态: 两连阴 (-0.68%, -2.66%)",1,0.46,0.46,100.0%
"趋势: 多头排列 (5>20>60) | 形态: 10日内有涨停 | 形态: 两连阴 (-2.34%, -4.14%) | 趋势: 高于MA20",1,0.46,0.46,100.0%
"形态: 两连阴 (-2.75%, -2.50%)",1,0.45,0.45,100.0%
"形态: 两连阴 (-3.13%, -4.81%)",1,0.45,0.45,100.0%
"形态: 两连阴 (-2.03%, -0.78%)",1,0.45,0.45,100.0%
"量能: 放量 (1.55X) | 形态: 两连阴 (-2.89%, -0.28%) | 趋势: 高于MA20 | 动量: 突破转强 (阳线上穿5/10)",1,0.44,0.44,100.0%
"形态: 两连阴 (-2.87%, -2.95%)",1,0.42,0.42,100.0%
"形态: 两连阴 (-1.57%, -2.92%)",1,0.42,0.42,100.0%
"形态: 两连阴 (-3.45%, -6.42%)",1,0.42,0.42,100.0%
"形态: 两连阴 (-1.74%, -0.79%)",1,0.4,0.4,100.0%
量能: 放量 (1.58X) | 动量: 突破转强 (阳线上穿5/10),1,0.4,2.81,100.0%
"形态: 两连阴 (-3.25%, -4.91%)",1,0.38,0.38,100.0%
"形态: 两连阴 (-3.74%, -1.09%)",1,0.38,0.38,100.0%
"形态: 10日内有涨停 | 形态: 两连阴 (-4.75%, -5.10%)",1,0.36,0.36,100.0%
"形态: 两连阴 (-1.38%, -5.00%)",1,0.35,0.35,100.0%
"形态: 两连阴 (-2.90%, -1.61%)",1,0.35,0.35,100.0%
量能: 放量 (1.82X) | 形态: 10日内有涨停 | 趋势: 高于MA20,1,0.34,0.34,100.0%
"形态: 两连阴 (-3.88%, -2.90%)",1,0.32,0.32,100.0%
"形态: 两连阴 (-2.66%, -3.14%)",1,0.29,0.29,100.0%
"形态: 10日内有涨停 | 形态: 两连阴 (-5.30%, -1.03%)",1,0.29,0.29,100.0%
"形态: 10日内有涨停 | 形态: 两连阴 (-4.34%, -3.11%)",1,0.27,0.27,100.0%
"形态: 两连阴 (-3.64%, -2.84%)",1,0.26,0.26,100.0%
"量能: 放量 (1.53X) | 形态: 两连阴 (-1.40%, -2.95%)",1,0.25,0.25,100.0%
"趋势: 多头排列 (5>20>60) | 形态: 两连阴 (-2.90%, -2.29%)",1,0.24,0.24,100.0%
"形态: 两连阴 (-0.24%, -0.37%)",1,0.24,1.8,100.0%
"形态: 两连阴 (-3.56%, -7.14%)",1,0.24,0.24,100.0%
"形态: 10日内有涨停 | 形态: 两连阴 (-5.86%, -5.79%)",1,0.23,0.23,100.0%
"形态: 两连阴 (-0.22%, -1.97%)",1,0.22,3.49,100.0%
"形态: 两连阴 (-0.38%, -1.14%)",1,0.19,5.06,100.0%
"形态: 10日内有涨停 | 形态: 两连阴 (-5.70%, -1.83%)",1,0.19,0.19,100.0%
"形态: 两连阴 (-0.85%, -2.22%)",1,0.17,3.75,100.0%
"形态: 两连阴 (-4.91%, -5.03%)",1,0.14,0.14,100.0%
"形态: 两连阴 (-3.77%, -0.71%)",1,0.12,0.12,100.0%
"形态: 10日内有涨停 | 形态: 两连阴 (-4.05%, -2.61%)",1,0.1,0.1,100.0%
"形态: 两连阴 (-0.34%, -2.48%)",1,0.08,4.33,100.0%
"形态: 两连阴 (-2.16%, -5.29%)",1,0.08,0.08,100.0%
"形态: 10日内有涨停 | 形态: 两连阴 (-5.95%, -8.67%)",1,0.06,4.45,100.0%
"形态: 10日内有涨停 | 形态: 两连阴 (-0.75%, -1.51%) | 动量: 突破转强 (阳线上穿5/10)",1,0.0,0.0,0.0%
"形态: 两连阴 (-1.40%, -4.49%) | 趋势: 高于MA20",1,0.0,2.93,0.0%
"形态: 两连阴 (-1.11%, -0.37%)",1,0.0,0.0,0.0%
"形态: 两连阴 (-1.44%, -0.42%)",1,0.0,6.22,0.0%
"形态: 两连阴 (-2.34%, -3.83%)",1,0.0,0.0,0.0%
量能: 放量 (1.97X) | 形态: 10日内有涨停 | 趋势: 高于MA20 | 动量: 突破转强 (阳线上穿5/10),1,0.0,0.0,0.0%
"形态: 10日内有涨停 | 形态: 两连阴 (-3.09%, -3.18%)",1,0.0,0.0,0.0%
"形态: 两连阴 (-0.72%, -0.96%)",1,0.0,1.87,0.0%
"形态: 两连阴 (-3.99%, -1.31%)",1,0.0,0.0,0.0%
"形态: 两连阴 (-1.02%, -3.36%)",1,0.0,2.33,0.0%
"形态: 两连阴 (-4.95%, -3.58%)",1,0.0,0.0,0.0%
"形态: 两连阴 (-5.14%, -3.49%)",1,0.0,0.0,0.0%
量能: 放量 (1.55X) | 形态: 10日内有涨停 | 趋势: 高于MA20 | 动量: 突破转强 (阳线上穿5/10),1,0.0,20.08,0.0%
"形态: 两连阴 (-6.91%, -4.08%)",1,0.0,0.0,0.0%
"形态: 两连阴 (-6.01%, -0.08%)",1,-0.08,-0.08,0.0%
"形态: 两连阴 (-2.82%, -2.36%)",1,-0.09,-0.09,0.0%
"形态: 两连阴 (-2.46%, -2.07%)",1,-0.09,-0.09,0.0%
"形态: 两连阴 (-4.97%, -3.86%)",1,-0.09,-0.09,0.0%
"形态: 两连阴 (-2.56%, -2.05%) | 动量: 突破转强 (阳线上穿5/10)",1,-0.11,-0.11,0.0%
"形态: 两连阴 (-5.34%, -2.37%)",1,-0.12,-0.12,0.0%
"形态: 两连阴 (-5.81%, -0.81%) | 趋势: 高于MA20",1,-0.16,-0.16,0.0%
"形态: 两连阴 (-3.44%, -3.08%)",1,-0.17,-0.17,0.0%
"形态: 两连阴 (-1.21%, -0.35%)",1,-0.17,5.29,0.0%
"形态: 两连阴 (-5.15%, -7.61%)",1,-0.18,-0.18,0.0%
"形态: 两连阴 (-4.07%, -0.92%)",1,-0.18,-0.18,0.0%
"形态: 两连阴 (-0.98%, -1.89%) | 趋势: 高于MA20",1,-0.19,-0.09,0.0%
"形态: 10日内有涨停 | 形态: 两连阴 (-0.35%, -4.86%)",1,-0.19,-0.19,0.0%
"形态: 两连阴 (-2.12%, -3.14%)",1,-0.2,-0.2,0.0%
"形态: 两连阴 (-5.05%, -0.89%)",1,-0.2,-0.2,0.0%
"形态: 两连阴 (-5.97%, -4.31%)",1,-0.22,-0.22,0.0%
"形态: 10日内有涨停 | 形态: 两连阴 (-3.23%, -6.00%)",1,-0.23,-0.23,0.0%
"形态: 两连阴 (-2.04%, -0.61%)",1,-0.26,-0.26,0.0%
"形态: 两连阴 (-2.39%, -1.47%)",2,-0.26,1.685,50.0%
"形态: 两连阴 (-4.09%, -3.25%)",1,-0.26,-0.26,0.0%
"量能: 放量 (2.08X) | 形态: 两连阴 (-4.96%, -5.04%)",1,-0.27,10.2,0.0%
"形态: 两连阴 (-6.28%, -3.13%)",1,-0.27,-0.27,0.0%
"形态: 10日内有涨停 | 形态: 两连阴 (-9.98%, -6.73%)",1,-0.28,-0.28,0.0%
"形态: 10日内有涨停 | 形态: 两连阴 (-6.27%, -2.57%)",1,-0.28,-0.28,0.0%
"形态: 两连阴 (-2.36%, -2.92%)",1,-0.31,-0.31,0.0%
"形态: 两连阴 (-1.00%, -2.13%)",1,-0.34,2.46,0.0%
"形态: 两连阴 (-3.11%, -0.08%) | 趋势: 高于MA20",1,-0.38,-0.38,0.0%
"趋势: 多头排列 (5>20>60) | 形态: 两连阴 (-1.27%, -0.18%) | 趋势: 高于MA20",1,-0.38,0.48,0.0%
"形态: 两连阴 (-3.55%, -5.57%)",1,-0.39,9.56,0.0%
"形态: 两连阴 (-0.40%, -1.61%)",1,-0.4,2.58,0.0%
"形态: 两连阴 (-1.40%, -0.57%)",1,-0.42,1.12,0.0%
"形态: 两连阴 (-0.60%, -0.26%)",1,-0.43,1.62,0.0%
量能: 放量 (2.15X) | 形态: 10日内有涨停 | 趋势: 高于MA20 | 动量: 突破转强 (阳线上穿5/10),1,-0.43,2.17,0.0%
"形态: 两连阴 (-2.43%, -4.97%)",1,-0.47,-0.47,0.0%
"形态: 两连阴 (-1.01%, -2.56%)",1,-0.48,-0.48,0.0%
"形态: 两连阴 (-0.88%, -4.66%)",1,-0.48,-0.48,0.0%
"形态: 10日内有涨停 | 形态: 两连阴 (-10.05%, -7.45%)",1,-0.49,-0.49,0.0%
量能: 放量 (2.67X) | 形态: 10日内有涨停 | 趋势: 高于MA20 | 动量: 突破转强 (阳线上穿5/10),1,-0.51,-0.51,0.0%
"形态: 两连阴 (-5.80%, -1.03%)",1,-0.52,-0.52,0.0%
"形态: 两连阴 (-0.54%, -2.24%)",1,-0.57,9.29,0.0%
"形态: 两连阴 (-0.19%, -1.06%)",1,-0.58,1.73,0.0%
"形态: 两连阴 (-1.52%, -3.18%)",1,-0.6,-0.6,0.0%
"形态: 两连阴 (-0.71%, -2.05%)",1,-0.61,4.21,0.0%
"形态: 两连阴 (-3.31%, -0.26%)",1,-0.61,-0.61,0.0%
"形态: 两连阴 (-2.37%, -1.10%)",1,-0.67,-0.67,0.0%
"形态: 两连阴 (-0.23%, -1.81%)",1,-0.67,1.78,0.0%
"形态: 两连阴 (-1.22%, -0.96%)",1,-0.68,2.32,0.0%
"形态: 两连阴 (-3.50%, -2.04%)",1,-0.69,-0.69,0.0%
"形态: 两连阴 (-2.48%, -0.69%)",1,-0.7,-0.7,0.0%
"形态: 两连阴 (-1.11%, -2.64%)",1,-0.72,2.97,0.0%
"形态: 两连阴 (-0.25%, -2.84%)",1,-0.73,-0.73,0.0%
"形态: 两连阴 (-1.83%, -4.75%)",1,-0.73,-0.73,0.0%
"形态: 两连阴 (-3.27%, -4.67%)",1,-0.76,-0.76,0.0%
"形态: 两连阴 (-2.63%, -3.44%)",1,-0.76,-0.76,0.0%
"形态: 两连阴 (-0.57%, -1.46%)",1,-0.76,5.53,0.0%
"形态: 两连阴 (-1.39%, -1.09%)",1,-0.77,-0.62,0.0%
"形态: 两连阴 (-1.09%, -1.26%)",1,-0.78,1.87,0.0%
量能: 放量 (1.65X) | 趋势: 高于MA20 | 动量: 突破转强 (阳线上穿5/10),1,-0.78,4.52,0.0%
"形态: 两连阴 (-0.12%, -1.42%) | 趋势: 高于MA20",1,-0.8,-0.8,0.0%
"形态: 两连阴 (-0.38%, -0.51%)",1,-0.8,1.06,0.0%
"形态: 两连阴 (-0.81%, -0.90%)",1,-0.8,1.99,0.0%
"形态: 两连阴 (-1.69%, -2.19%)",1,-0.81,-0.81,0.0%
"形态: 两连阴 (-0.81%, -0.41%)",1,-0.82,0.0,0.0%
"形态: 两连阴 (-3.12%, -2.94%)",1,-0.83,-0.83,0.0%
"趋势: 多头排列 (5>20>60) | 形态: 两连阴 (-0.36%, -1.80%) | 趋势: 高于MA20 | 动量: 突破转强 (阳线上穿5/10)",1,-0.84,-0.84,0.0%
"趋势: 多头排列 (5>20>60) | 形态: 两连阴 (-3.22%, -0.10%) | 趋势: 高于MA20",1,-0.85,-0.85,0.0%
量能: 放量 (1.50X) | 动量: 突破转强 (阳线上穿5/10),1,-0.86,-0.86,0.0%
"形态: 两连阴 (-0.41%, -0.21%) | 趋势: 高于MA20",1,-0.87,4.44,0.0%
"形态: 两连阴 (-2.43%, -6.18%)",1,-0.88,-0.88,0.0%
"形态: 两连阴 (-3.35%, -3.56%)",1,-0.88,-0.88,0.0%
"形态: 两连阴 (-6.20%, -2.68%)",1,-0.9,2.52,0.0%
"形态: 10日内有涨停 | 形态: 两连阴 (-1.16%, -5.00%)",1,-0.93,-0.93,0.0%
"形态: 两连阴 (-3.92%, -7.61%)",1,-0.94,-0.35,0.0%
"形态: 两连阴 (-4.84%, -8.05%)",1,-0.96,0.1,0.0%
"形态: 10日内有涨停 | 形态: 两连阴 (-2.09%, -5.92%)",1,-0.98,-0.98,0.0%
"形态: 两连阴 (-2.60%, -0.70%) | 趋势: 高于MA20",1,-0.98,-0.98,0.0%
"形态: 两连阴 (-4.35%, -1.68%) | 趋势: 高于MA20 | 动量: 突破转强 (阳线上穿5/10)",1,-0.99,-0.99,0.0%
"形态: 两连阴 (-3.25%, -4.18%)",1,-0.99,-0.99,0.0%
"形态: 两连阴 (-4.00%, -2.28%)",1,-1.01,-1.01,0.0%
"形态: 两连阴 (-0.52%, -1.18%)",1,-1.04,2.98,0.0%
"形态: 10日内有涨停 | 形态: 两连阴 (-4.63%, -1.10%) | 趋势: 高于MA20 | 动量: 突破转强 (阳线上穿5/10)",1,-1.05,-1.05,0.0%
"形态: 两连阴 (-4.14%, -4.44%)",1,-1.07,-1.07,0.0%
"形态: 两连阴 (-1.31%, -1.02%)",1,-1.07,6.15,0.0%
"形态: 两连阴 (-2.02%, -2.06%)",1,-1.09,-1.09,0.0%
"形态: 两连阴 (-0.36%, -1.73%)",1,-1.1,2.67,0.0%
"形态: 两连阴 (-3.77%, -5.53%)",1,-1.12,-1.12,0.0%
"形态: 两连阴 (-1.15%, -1.58%)",1,-1.12,3.16,0.0%
"形态: 两连阴 (-4.17%, -5.19%)",1,-1.14,-1.14,0.0%
"形态: 两连阴 (-0.93%, -0.70%)",1,-1.15,3.68,0.0%
"形态: 两连阴 (-6.86%, -6.06%)",1,-1.24,3.3,0.0%
"量能: 放量 (1.83X) | 形态: 10日内有涨停 | 形态: 两连阴 (-3.64%, -1.44%) | 趋势: 高于MA20 | 动量: 突破转强 (阳线上穿5/10)",1,-1.25,-1.25,0.0%
"形态: 两连阴 (-3.46%, -1.26%)",1,-1.28,9.97,0.0%
"形态: 两连阴 (-4.70%, -0.09%)",1,-1.28,-1.28,0.0%
"形态: 两连阴 (-1.82%, -4.28%)",1,-1.28,-0.77,0.0%
"形态: 两连阴 (-0.55%, -4.63%)",1,-1.28,-1.28,0.0%
"形态: 10日内有涨停 | 形态: 两连阴 (-4.64%, -3.11%)",1,-1.3,-1.3,0.0%
"形态: 两连阴 (-0.22%, -1.77%)",1,-1.31,0.44,0.0%
"形态: 两连阴 (-7.96%, -0.35%)",1,-1.32,0.33,0.0%
"趋势: 多头排列 (5>20>60) | 形态: 10日内有涨停 | 形态: 两连阴 (-0.58%, -0.15%) | 趋势: 高于MA20",1,-1.32,1.1,0.0%
"形态: 两连阴 (-1.34%, -0.17%)",1,-1.33,0.66,0.0%
"趋势: 多头排列 (5>20>60) | 形态: 两连阴 (-7.65%, -4.11%) | 趋势: 高于MA20",1,-1.34,-1.34,0.0%
"形态: 两连阴 (-4.99%, -1.78%)",1,-1.34,-1.34,0.0%
"形态: 两连阴 (-0.60%, -2.41%)",1,-1.35,3.89,0.0%
"形态: 两连阴 (-1.25%, -0.27%)",1,-1.36,2.2,0.0%
"形态: 两连阴 (-2.91%, -6.26%)",1,-1.37,-1.37,0.0%
"形态: 10日内有涨停 | 形态: 两连阴 (-5.31%, -2.30%)",1,-1.37,-1.37,0.0%
"形态: 两连阴 (-2.28%, -0.33%)",1,-1.38,-1.38,0.0%
"趋势: 多头排列 (5>20>60) | 形态: 10日内有涨停 | 形态: 两连阴 (-0.75%, -8.37%) | 趋势: 高于MA20",1,-1.42,-1.42,0.0%
量能: 放量 (1.54X) | 形态: 10日内有涨停 | 趋势: 高于MA20,1,-1.43,-1.43,0.0%
量能: 放量 (2.11X) | 趋势: 高于MA20 | 动量: 突破转强 (阳线上穿5/10),1,-1.43,-0.72,0.0%
"形态: 两连阴 (-0.46%, -0.93%)",1,-1.44,-1.44,0.0%
"形态: 两连阴 (-9.96%, -3.31%)",1,-1.44,6.49,0.0%
"形态: 两连阴 (-0.55%, -2.01%)",1,-1.46,1.68,0.0%
"形态: 两连阴 (-0.99%, -0.25%)",1,-1.46,0.24,0.0%
"形态: 两连阴 (-2.85%, -0.62%)",1,-1.48,-1.48,0.0%
量能: 放量 (1.69X) | 形态: 10日内有涨停,1,-1.49,-1.49,0.0%
"形态: 10日内有涨停 | 形态: 两连阴 (-2.18%, -4.46%) | 趋势: 高于MA20",1,-1.52,2.02,0.0%
"形态: 10日内有涨停 | 形态: 两连阴 (-2.28%, -2.83%)",1,-1.52,-1.52,0.0%
"形态: 10日内有涨停 | 形态: 两连阴 (-4.01%, -1.93%)",1,-1.52,-1.52,0.0%
"形态: 两连阴 (-0.51%, -2.70%)",1,-1.53,0.83,0.0%
"形态: 两连阴 (-1.10%, -4.86%)",1,-1.59,-1.59,0.0%
"形态: 两连阴 (-0.90%, -1.82%)",1,-1.61,1.15,0.0%
"形态: 两连阴 (-8.30%, -2.76%)",1,-1.63,-1.12,0.0%
"形态: 10日内有涨停 | 形态: 两连阴 (-0.65%, -1.32%) | 趋势: 高于MA20 | 动量: 突破转强 (阳线上穿5/10)",1,-1.64,7.55,0.0%
"形态: 两连阴 (-2.65%, -2.09%)",1,-1.69,1.06,0.0%
"趋势: 多头排列 (5>20>60) | 形态: 两连阴 (-0.72%, -0.51%) | 趋势: 高于MA20 | 动量: 突破转强 (阳线上穿5/10)",1,-1.71,-1.71,0.0%
"形态: 两连阴 (-4.94%, -3.86%)",1,-1.71,-1.71,0.0%
"形态: 两连阴 (-0.67%, -2.22%)",1,-1.73,4.33,0.0%
"形态: 10日内有涨停 | 形态: 两连阴 (-1.79%, -6.65%)",1,-1.77,-1.77,0.0%
"形态: 两连阴 (-0.97%, -0.82%)",1,-1.77,0.48,0.0%
趋势: 高于MA20,99,-1.777979797979798,0.9797979797979798,33.33%
"形态: 两连阴 (-0.72%, -1.09%)",1,-1.78,0.89,0.0%
"形态: 两连阴 (-4.42%, -8.06%)",1,-1.78,-1.78,0.0%
"形态: 两连阴 (-0.22%, -3.24%)",1,-1.79,-1.79,0.0%
"形态: 两连阴 (-4.54%, -4.55%)",1,-1.79,-1.79,0.0%
"形态: 10日内有涨停 | 形态: 两连阴 (-1.52%, -6.45%)",1,-1.8,-1.8,0.0%
"形态: 两连阴 (-0.61%, -1.08%)",1,-1.82,2.74,0.0%
"形态: 两连阴 (-2.97%, -0.27%)",1,-1.84,-1.84,0.0%
"形态: 10日内有涨停 | 形态: 两连阴 (-2.02%, -1.03%)",1,-1.84,-1.84,0.0%
"形态: 两连阴 (-0.20%, -1.98%)",1,-1.86,-1.86,0.0%
"形态: 两连阴 (-1.33%, -0.27%)",1,-1.87,4.81,0.0%
"形态: 10日内有涨停 | 形态: 两连阴 (-2.60%, -4.16%) | 趋势: 高于MA20",1,-1.89,-1.89,0.0%
量能: 放量 (2.83X) | 形态: 10日内有涨停 | 趋势: 高于MA20 | 动量: 突破转强 (阳线上穿5/10),1,-1.92,-1.92,0.0%
"形态: 两连阴 (-3.22%, -6.10%)",1,-1.94,-1.94,0.0%
"形态: 两连阴 (-1.29%, -1.59%)",1,-1.94,1.3,0.0%
"形态: 两连阴 (-1.93%, -3.57%)",1,-1.95,0.0,0.0%
"形态: 两连阴 (-5.96%, -3.88%)",1,-1.95,-1.95,0.0%
"形态: 两连阴 (-6.14%, -6.55%)",1,-1.97,-1.97,0.0%
"形态: 10日内有涨停 | 形态: 两连阴 (-9.99%, -8.05%)",1,-2.01,-2.01,0.0%
"形态: 两连阴 (-1.94%, -0.99%)",1,-2.01,-2.01,0.0%
"趋势: 多头排列 (5>20>60) | 形态: 10日内有涨停 | 形态: 两连阴 (-0.16%, -1.92%) | 趋势: 高于MA20",1,-2.02,-0.84,0.0%
"形态: 两连阴 (-7.27%, -4.82%)",1,-2.04,-2.04,0.0%
量能: 放量 (1.64X) | 趋势: 高于MA20 | 动量: 突破转强 (阳线上穿5/10),2,-2.07,3.5599999999999996,50.0%
"形态: 两连阴 (-5.81%, -1.28%) | 趋势: 高于MA20",1,-2.18,-2.18,0.0%
"形态: 两连阴 (-2.13%, -6.54%)",1,-2.21,-2.21,0.0%
"形态: 两连阴 (-3.00%, -0.33%)",1,-2.22,1.58,0.0%
"形态: 两连阴 (-5.76%, -7.68%)",1,-2.22,0.47,0.0%
动量: 突破转强 (阳线上穿5/10),284,-2.228133802816901,0.6354577464788732,22.89%
"形态: 10日内有涨停 | 形态: 两连阴 (-0.33%, -1.00%) | 趋势: 高于MA20 | 动量: 突破转强 (阳线上穿5/10)",1,-2.24,5.6,0.0%
量能: 放量 (1.61X) | 趋势: 高于MA20 | 动量: 突破转强 (阳线上穿5/10),1,-2.28,-2.28,0.0%
"形态: 10日内有涨停 | 形态: 两连阴 (-3.79%, -1.39%)",1,-2.33,0.89,0.0%
"形态: 10日内有涨停 | 形态: 两连阴 (-4.45%, -7.55%)",1,-2.39,-2.39,0.0%
形态: 10日内有涨停 | 趋势: 高于MA20,74,-2.3982432432432432,1.5216216216216218,29.73%
"形态: 两连阴 (-3.32%, -1.05%)",1,-2.4,5.67,0.0%
"形态: 两连阴 (-0.22%, -0.44%)",1,-2.4,-0.22,0.0%
"形态: 两连阴 (-0.73%, -1.87%)",1,-2.41,-2.41,0.0%
"形态: 两连阴 (-3.90%, -7.36%)",1,-2.42,-2.42,0.0%
"形态: 两连阴 (-2.38%, -2.81%)",1,-2.45,-2.45,0.0%
"形态: 两连阴 (-0.83%, -4.06%)",1,-2.46,0.9,0.0%
"形态: 10日内有涨停 | 形态: 两连阴 (-5.51%, -7.98%)",1,-2.47,-2.47,0.0%
"形态: 两连阴 (-2.93%, -3.68%)",1,-2.49,0.0,0.0%
"形态: 10日内有涨停 | 形态: 两连阴 (-1.70%, -3.31%)",1,-2.5,-1.0,0.0%
"趋势: 多头排列 (5>20>60) | 形态: 10日内有涨停 | 形态: 两连阴 (-6.49%, -6.76%) | 趋势: 高于MA20",1,-2.53,3.06,0.0%
"形态: 两连阴 (-1.46%, -1.60%)",1,-2.55,1.09,0.0%
"形态: 两连阴 (-3.75%, -3.01%)",1,-2.59,-2.59,0.0%
"量能: 放量 (1.61X) | 形态: 两连阴 (-0.65%, -9.98%)",1,-2.59,-2.59,0.0%
"形态: 两连阴 (-1.58%, -5.10%)",1,-2.61,-2.61,0.0%
量能: 放量 (1.61X) | 动量: 突破转强 (阳线上穿5/10),1,-2.62,0.83,0.0%
"形态: 10日内有涨停 | 形态: 两连阴 (-7.26%, -4.27%)",1,-2.62,-2.62,0.0%
"形态: 10日内有涨停 | 形态: 两连阴 (-2.92%, -5.62%)",1,-2.62,-2.62,0.0%
"形态: 两连阴 (-2.47%, -0.48%) | 动量: 突破转强 (阳线上穿5/10)",1,-2.67,-0.16,0.0%
"形态: 10日内有涨停 | 形态: 两连阴 (-0.10%, -3.78%)",1,-2.67,-2.67,0.0%
"形态: 10日内有涨停 | 形态: 两连阴 (-4.39%, -4.76%)",1,-2.68,-2.68,0.0%
"形态: 10日内有涨停 | 形态: 两连阴 (-5.45%, -2.50%)",1,-2.69,-1.43,0.0%
"形态: 10日内有涨停 | 形态: 两连阴 (-2.07%, -2.23%) | 动量: 突破转强 (阳线上穿5/10)",1,-2.73,-2.73,0.0%
趋势: 高于MA20 | 动量: 突破转强 (阳线上穿5/10),139,-2.735323741007194,1.454820143884892,28.06%
"形态: 两连阴 (-10.01%, -8.14%)",1,-2.74,-2.74,0.0%
"形态: 两连阴 (-0.79%, -4.78%)",1,-2.75,8.97,0.0%
"形态: 两连阴 (-3.08%, -3.99%)",1,-2.75,-2.75,0.0%
"形态: 两连阴 (-0.52%, -0.39%)",1,-2.78,1.89,0.0%
"形态: 两连阴 (-0.60%, -0.71%)",1,-2.78,-2.14,0.0%
量能: 放量 (1.54X),1,-2.79,-0.56,0.0%
"趋势: 多头排列 (5>20>60) | 形态: 10日内有涨停 | 形态: 两连阴 (-4.63%, -1.56%) | 趋势: 高于MA20",1,-2.81,0.9,0.0%
"形态: 10日内有涨停 | 形态: 两连阴 (-1.85%, -5.46%)",1,-2.82,-2.82,0.0%
"形态: 两连阴 (-2.82%, -3.24%) | 趋势: 高于MA20 | 动量: 突破转强 (阳线上穿5/10)",1,-2.85,-2.85,0.0%
"形态: 两连阴 (-1.49%, -1.01%) | 趋势: 高于MA20",1,-2.85,-2.85,0.0%
"形态: 两连阴 (-3.81%, -7.16%)",1,-2.86,-2.86,0.0%
"形态: 10日内有涨停 | 形态: 两连阴 (-2.64%, -4.36%)",1,-2.88,-0.28,0.0%
"形态: 两连阴 (-1.53%, -4.55%)",1,-2.9,-2.18,0.0%
"形态: 两连阴 (-3.77%, -6.24%)",1,-2.94,-2.94,0.0%
"形态: 两连阴 (-0.31%, -3.28%)",1,-2.94,-2.5,0.0%
"形态: 10日内有涨停 | 形态: 两连阴 (-9.57%, -2.03%)",1,-2.96,-2.96,0.0%
"形态: 两连阴 (-4.97%, -1.27%)",1,-2.98,-2.98,0.0%
"趋势: 多头排列 (5>20>60) | 形态: 10日内有涨停 | 形态: 两连阴 (-1.92%, -4.75%) | 趋势: 高于MA20 | 动量: 突破转强 (阳线上穿5/10)",1,-2.98,-2.98,0.0%
"形态: 两连阴 (-5.72%, -9.87%)",1,-3.01,0.67,0.0%
"形态: 两连阴 (-0.24%, -0.36%)",1,-3.03,3.96,0.0%
"形态: 两连阴 (-0.14%, -2.59%)",1,-3.03,-1.82,0.0%
量能: 放量 (1.56X) | 趋势: 高于MA20 | 动量: 突破转强 (阳线上穿5/10),3,-3.0399999999999996,1.0466666666666666,33.33%
"形态: 10日内有涨停 | 形态: 两连阴 (-0.46%, -4.08%) | 趋势: 高于MA20 | 动量: 突破转强 (阳线上穿5/10)",1,-3.05,-3.05,0.0%
"形态: 两连阴 (-2.04%, -0.69%)",1,-3.06,9.86,0.0%
"形态: 10日内有涨停 | 形态: 两连阴 (-8.34%, -3.21%)",1,-3.06,3.27,0.0%
"形态: 两连阴 (-4.80%, -5.25%)",1,-3.07,-3.07,0.0%
形态: 10日内有涨停,119,-3.0783193277310925,-0.08109243697478995,29.41%
"形态: 两连阴 (-0.61%, -4.26%)",1,-3.08,-3.08,0.0%
"量能: 放量 (2.02X) | 形态: 10日内有涨停 | 形态: 两连阴 (-0.60%, -1.08%) | 动量: 突破转强 (阳线上穿5/10)",1,-3.09,-0.55,0.0%
"形态: 两连阴 (-3.37%, -2.00%)",1,-3.11,3.17,0.0%
量能: 放量 (1.71X) | 动量: 突破转强 (阳线上穿5/10),1,-3.15,-0.52,0.0%
"形态: 10日内有涨停 | 形态: 两连阴 (-4.08%, -7.39%)",1,-3.18,-3.18,0.0%
"形态: 两连阴 (-8.62%, -2.90%)",1,-3.18,-3.18,0.0%
"形态: 两连阴 (-1.82%, -0.46%)",1,-3.18,-3.18,0.0%
"形态: 两连阴 (-1.94%, -3.29%)",1,-3.23,-3.23,0.0%
"量能: 放量 (1.60X) | 形态: 两连阴 (-0.56%, -0.75%)",1,-3.25,0.0,0.0%
"形态: 两连阴 (-0.66%, -2.39%)",1,-3.27,-1.63,0.0%
"形态: 10日内有涨停 | 形态: 两连阴 (-2.48%, -2.39%)",1,-3.27,-1.96,0.0%
"形态: 两连阴 (-1.99%, -0.18%)",1,-3.28,2.73,0.0%
"形态: 10日内有涨停 | 形态: 两连阴 (-5.76%, -0.17%)",1,-3.31,-3.31,0.0%
"趋势: 多头排列 (5>20>60) | 形态: 两连阴 (-3.43%, -5.67%)",1,-3.34,-3.34,0.0%
量能: 放量 (1.54X) | 趋势: 高于MA20 | 动量: 突破转强 (阳线上穿5/10),1,-3.34,1.82,0.0%
量能: 放量 (1.94X) | 趋势: 高于MA20 | 动量: 突破转强 (阳线上穿5/10),2,-3.34,-1.2650000000000001,0.0%
"形态: 10日内有涨停 | 形态: 两连阴 (-7.51%, -2.16%)",1,-3.35,-3.35,0.0%
"趋势: 多头排列 (5>20>60) | 形态: 两连阴 (-4.15%, -9.50%)",1,-3.39,-0.47,0.0%
"形态: 两连阴 (-6.22%, -2.50%)",1,-3.45,-3.45,0.0%
"形态: 两连阴 (-0.47%, -2.27%) | 动量: 突破转强 (阳线上穿5/10)",1,-3.45,-3.45,0.0%
"形态: 两连阴 (-5.30%, -0.57%) | 趋势: 高于MA20",1,-3.45,-3.45,0.0%
"趋势: 多头排列 (5>20>60) | 形态: 两连阴 (-1.20%, -6.16%)",1,-3.48,-3.48,0.0%
"形态: 两连阴 (-3.77%, -1.11%) | 动量: 突破转强 (阳线上穿5/10)",1,-3.48,-3.48,0.0%
"趋势: 多头排列 (5>20>60) | 形态: 10日内有涨停 | 形态: 两连阴 (-6.22%, -8.11%) | 趋势: 高于MA20",1,-3.5,-3.5,0.0%
"形态: 两连阴 (-0.29%, -0.29%)",1,-3.5,-2.92,0.0%
"形态: 两连阴 (-0.57%, -1.27%)",1,-3.52,-1.09,0.0%
量能: 放量 (1.55X),3,-3.5500000000000003,-1.1033333333333333,33.33%
"趋势: 多头排列 (5>20>60) | 形态: 10日内有涨停 | 形态: 两连阴 (-9.98%, -10.01%)",1,-3.56,-3.56,0.0%
"形态: 两连阴 (-3.59%, -2.10%)",1,-3.56,-3.56,0.0%
"形态: 两连阴 (-3.36%, -5.64%)",1,-3.61,-3.61,0.0%
"形态: 两连阴 (-3.85%, -0.62%) | 趋势: 高于MA20",1,-3.66,-3.66,0.0%
"形态: 两连阴 (-1.99%, -3.16%)",1,-3.67,6.0,0.0%
"形态: 两连阴 (-3.39%, -0.61%)",1,-3.67,1.79,0.0%
"形态: 两连阴 (-0.84%, -4.33%)",1,-3.7,-3.7,0.0%
"形态: 两连阴 (-1.70%, -1.95%)",1,-3.72,-1.82,0.0%
"形态: 两连阴 (-0.29%, -0.58%)",1,-3.73,1.72,0.0%
"形态: 10日内有涨停 | 形态: 两连阴 (-1.27%, -3.17%)",1,-3.73,-1.03,0.0%
"形态: 两连阴 (-0.09%, -0.18%)",1,-3.74,3.13,0.0%
形态: 10日内有涨停 | 动量: 突破转强 (阳线上穿5/10),25,-3.7412,1.778,20.0%
形态: 10日内有涨停 | 趋势: 高于MA20 | 动量: 突破转强 (阳线上穿5/10),70,-3.766285714285714,1.667714285714286,31.43%
"形态: 两连阴 (-0.10%, -1.05%)",1,-3.78,3.5,0.0%
"形态: 两连阴 (-3.86%, -0.64%)",1,-3.82,-3.82,0.0%
"形态: 两连阴 (-0.73%, -0.25%)",1,-3.83,0.96,0.0%
"形态: 两连阴 (-0.09%, -2.08%)",1,-3.83,1.73,0.0%
"趋势: 多头排列 (5>20>60) | 形态: 10日内有涨停 | 形态: 两连阴 (-3.98%, -9.27%) | 趋势: 高于MA20",1,-3.84,-3.84,0.0%
"形态: 两连阴 (-2.59%, -4.14%)",1,-3.86,-3.86,0.0%
量能: 放量 (1.63X) | 形态: 10日内有涨停 | 动量: 突破转强 (阳线上穿5/10),1,-3.87,-1.64,0.0%
"形态: 两连阴 (-5.52%, -10.00%)",1,-3.91,-3.91,0.0%
"形态: 两连阴 (-8.37%, -4.01%)",1,-3.91,-3.91,0.0%
"形态: 10日内有涨停 | 形态: 两连阴 (-1.24%, -9.05%)",1,-3.92,-3.92,0.0%
"形态: 两连阴 (-3.76%, -5.99%)",1,-3.96,-1.02,0.0%
"趋势: 多头排列 (5>20>60) | 形态: 10日内有涨停 | 形态: 两连阴 (-9.46%, -6.84%)",1,-3.97,2.85,0.0%
量能: 放量 (2.10X) | 形态: 10日内有涨停,1,-4.05,-1.13,0.0%
"形态: 两连阴 (-1.23%, -6.16%)",1,-4.09,-4.09,0.0%
"形态: 两连阴 (-2.51%, -2.36%)",1,-4.12,-0.43,0.0%
"形态: 10日内有涨停 | 形态: 两连阴 (-3.02%, -1.90%)",1,-4.14,2.21,0.0%
"形态: 两连阴 (-0.99%, -0.80%)",1,-4.19,0.4,0.0%
"形态: 10日内有涨停 | 形态: 两连阴 (-4.23%, -2.21%)",1,-4.22,-4.0,0.0%
"形态: 两连阴 (-4.36%, -4.33%)",1,-4.22,-2.75,0.0%
"形态: 两连阴 (-1.69%, -1.17%) | 趋势: 高于MA20",1,-4.24,-4.24,0.0%
"形态: 两连阴 (-9.99%, -8.32%)",1,-4.29,-0.44,0.0%
"形态: 10日内有涨停 | 形态: 两连阴 (-4.22%, -5.33%)",1,-4.32,-4.32,0.0%
"趋势: 多头排列 (5>20>60) | 形态: 两连阴 (-3.09%, -0.59%) | 趋势: 高于MA20",1,-4.34,-4.34,0.0%
量能: 放量 (1.70X) | 形态: 10日内有涨停,1,-4.35,0.87,0.0%
量能: 放量 (1.69X) | 趋势: 高于MA20 | 动量: 突破转强 (阳线上穿5/10),1,-4.37,0.86,0.0%
"形态: 两连阴 (-1.03%, -2.65%) | 动量: 突破转强 (阳线上穿5/10)",1,-4.37,-0.56,0.0%
"形态: 两连阴 (-1.35%, -1.30%)",1,-4.38,-0.72,0.0%
"形态: 两连阴 (-1.88%, -1.17%)",1,-4.39,3.63,0.0%
"形态: 两连阴 (-1.45%, -5.60%)",1,-4.39,-4.39,0.0%
"形态: 10日内有涨停 | 形态: 两连阴 (-2.71%, -2.89%)",1,-4.41,-3.95,0.0%
量能: 放量 (1.94X) | 形态: 10日内有涨停 | 趋势: 高于MA20,1,-4.42,-2.68,0.0%
"形态: 两连阴 (-2.33%, -1.76%)",1,-4.42,2.21,0.0%
量能: 放量 (1.95X) | 趋势: 高于MA20 | 动量: 突破转强 (阳线上穿5/10),1,-4.47,-3.21,0.0%
"形态: 10日内有涨停 | 形态: 两连阴 (-0.45%, -0.68%) | 趋势: 高于MA20",1,-4.48,10.09,0.0%
"形态: 两连阴 (-0.59%, -0.44%)",1,-4.53,-0.58,0.0%
"形态: 两连阴 (-4.24%, -5.34%)",1,-4.61,-4.61,0.0%
趋势: 多头排列 (5>20>60) | 量能: 放量 (1.63X) | 趋势: 高于MA20 | 动量: 突破转强 (阳线上穿5/10),1,-4.63,5.25,0.0%
"形态: 10日内有涨停 | 形态: 两连阴 (-4.47%, -4.67%)",1,-4.65,-0.46,0.0%
"形态: 10日内有涨停 | 形态: 两连阴 (-4.36%, -5.26%)",1,-4.66,0.6,0.0%
"趋势: 多头排列 (5>20>60) | 形态: 10日内有涨停 | 形态: 两连阴 (-4.25%, -4.83%)",1,-4.72,0.11,0.0%
"形态: 两连阴 (-0.19%, -0.19%)",1,-4.73,4.73,0.0%
"量能: 放量 (1.57X) | 形态: 两连阴 (-1.08%, -0.40%) | 趋势: 高于MA20 | 动量: 突破转强 (阳线上穿5/10)",1,-4.79,-2.75,0.0%
"形态: 10日内有涨停 | 形态: 两连阴 (-4.19%, -6.61%)",1,-4.83,-4.83,0.0%
"形态: 两连阴 (-2.74%, -2.60%)",1,-4.84,-4.84,0.0%
"形态: 10日内有涨停 | 形态: 两连阴 (-5.81%, -4.53%)",1,-4.86,0.0,0.0%
量能: 放量 (2.26X) | 动量: 突破转强 (阳线上穿5/10),1,-4.89,-2.88,0.0%
"形态: 两连阴 (-2.57%, -2.17%)",1,-4.92,2.38,0.0%
"形态: 两连阴 (-6.04%, -2.32%)",1,-4.98,1.66,0.0%
量能: 放量 (1.91X) | 趋势: 高于MA20 | 动量: 突破转强 (阳线上穿5/10),1,-5.02,3.58,0.0%
量能: 放量 (1.64X) | 动量: 突破转强 (阳线上穿5/10),1,-5.02,-1.61,0.0%
"趋势: 多头排列 (5>20>60) | 形态: 10日内有涨停 | 形态: 两连阴 (-1.93%, -9.52%) | 趋势: 高于MA20",1,-5.04,-5.04,0.0%
"形态: 10日内有涨停 | 形态: 两连阴 (-5.16%, -7.63%) | 趋势: 高于MA20",1,-5.07,-5.07,0.0%
"趋势: 多头排列 (5>20>60) | 形态: 两连阴 (-2.53%, -2.68%)",1,-5.09,-5.0,0.0%
"趋势: 多头排列 (5>20>60) | 形态: 两连阴 (-6.01%, -8.26%)",1,-5.1,-5.1,0.0%
"形态: 两连阴 (-8.76%, -6.56%)",1,-5.11,-3.79,0.0%
"趋势: 多头排列 (5>20>60) | 形态: 两连阴 (-5.97%, -6.57%)",1,-5.11,-5.11,0.0%
"形态: 两连阴 (-4.24%, -1.66%) | 动量: 突破转强 (阳线上穿5/10)",1,-5.11,0.54,0.0%
"形态: 10日内有涨停 | 形态: 两连阴 (-1.23%, -4.29%)",1,-5.12,0.0,0.0%
"形态: 10日内有涨停 | 形态: 两连阴 (-10.00%, -7.89%)",1,-5.14,-5.14,0.0%
"形态: 10日内有涨停 | 形态: 两连阴 (-0.30%, -6.60%)",1,-5.14,-5.14,0.0%
"趋势: 多头排列 (5>20>60) | 形态: 两连阴 (-0.51%, -1.82%) | 趋势: 高于MA20 | 动量: 突破转强 (阳线上穿5/10)",1,-5.21,-0.43,0.0%
"趋势: 多头排列 (5>20>60) | 形态: 10日内有涨停 | 形态: 两连阴 (-6.14%, -1.17%) | 趋势: 高于MA20",1,-5.23,1.5,0.0%
"形态: 两连阴 (-4.02%, -2.37%)",1,-5.24,-5.24,0.0%
"形态: 两连阴 (-4.34%, -1.31%)",1,-5.24,-4.51,0.0%
量能: 放量 (1.58X) | 趋势: 高于MA20 | 动量: 突破转强 (阳线上穿5/10),1,-5.25,8.03,0.0%
量能: 放量 (1.68X) | 趋势: 高于MA20 | 动量: 突破转强 (阳线上穿5/10),1,-5.28,-3.02,0.0%
"形态: 两连阴 (-3.17%, -4.76%)",1,-5.28,-5.28,0.0%
"形态: 10日内有涨停 | 形态: 两连阴 (-4.57%, -6.11%)",1,-5.34,2.03,0.0%
"形态: 两连阴 (-1.51%, -1.53%)",1,-5.35,0.38,0.0%
"形态: 10日内有涨停 | 形态: 两连阴 (-10.01%, -8.29%)",1,-5.38,2.3,0.0%
"形态: 10日内有涨停 | 形态: 两连阴 (-4.84%, -3.75%) | 趋势: 高于MA20",1,-5.43,-5.43,0.0%
趋势: 多头排列 (5>20>60) | 趋势: 高于MA20,40,-5.49,-0.35899999999999993,17.5%
"形态: 两连阴 (-2.81%, -3.89%) | 趋势: 高于MA20",1,-5.5,-5.5,0.0%
量能: 放量 (1.50X) | 形态: 10日内有涨停 | 动量: 突破转强 (阳线上穿5/10),1,-5.5,-0.82,0.0%
"形态: 两连阴 (-1.40%, -2.25%)",1,-5.55,-5.55,0.0%
"形态: 10日内有涨停 | 形态: 两连阴 (-4.36%, -2.47%) | 趋势: 高于MA20",1,-5.58,-5.58,0.0%
"形态: 两连阴 (-0.54%, -5.78%)",1,-5.59,-2.1,0.0%
"形态: 两连阴 (-7.37%, -7.46%)",1,-5.59,-3.86,0.0%
量能: 放量 (1.73X) | 趋势: 高于MA20 | 动量: 突破转强 (阳线上穿5/10),1,-5.6,-0.52,0.0%
"趋势: 多头排列 (5>20>60) | 形态: 两连阴 (-8.26%, -5.14%)",1,-5.62,-1.6,0.0%
量能: 放量 (1.99X) | 趋势: 高于MA20 | 动量: 突破转强 (阳线上穿5/10),1,-5.67,-5.67,0.0%
"形态: 两连阴 (-0.71%, -0.72%)",1,-5.69,-4.77,0.0%
"形态: 两连阴 (-1.10%, -1.27%)",1,-5.72,-2.63,0.0%
量能: 放量 (1.52X),3,-5.73,-0.0733333333333334,0.0%
量能: 放量 (2.19X) | 形态: 10日内有涨停 | 趋势: 高于MA20 | 动量: 突破转强 (阳线上穿5/10),1,-5.73,-0.92,0.0%
"趋势: 多头排列 (5>20>60) | 形态: 10日内有涨停 | 形态: 两连阴 (-5.08%, -7.25%)",1,-5.75,-0.64,0.0%
"趋势: 多头排列 (5>20>60) | 形态: 两连阴 (-2.02%, -1.22%)",1,-5.75,-2.61,0.0%
趋势: 多头排列 (5>20>60),14,-5.758571428571429,-1.6728571428571428,21.43%
"趋势: 多头排列 (5>20>60) | 形态: 两连阴 (-2.27%, -0.29%)",1,-5.76,-3.8,0.0%
"形态: 两连阴 (-8.51%, -2.25%)",1,-5.78,-4.26,0.0%
量能: 放量 (1.65X) | 形态: 10日内有涨停 | 趋势: 高于MA20 | 动量: 突破转强 (阳线上穿5/10),1,-5.9,-0.81,0.0%
"形态: 两连阴 (-0.88%, -3.61%)",1,-5.93,4.97,0.0%
"形态: 10日内有涨停 | 形态: 两连阴 (-3.74%, -4.35%)",1,-5.94,-5.94,0.0%
量能: 放量 (2.09X) | 形态: 10日内有涨停 | 趋势: 高于MA20 | 动量: 突破转强 (阳线上穿5/10),1,-5.95,3.46,0.0%
"形态: 10日内有涨停 | 形态: 两连阴 (-4.08%, -6.38%)",1,-6.01,-6.01,0.0%
量能: 放量 (1.70X) | 动量: 突破转强 (阳线上穿5/10),1,-6.04,2.01,0.0%
"量能: 放量 (1.78X) | 形态: 两连阴 (-0.70%, -1.52%) | 动量: 突破转强 (阳线上穿5/10)",1,-6.12,0.66,0.0%
趋势: 多头排列 (5>20>60) | 趋势: 高于MA20 | 动量: 突破转强 (阳线上穿5/10),21,-6.125238095238095,0.5828571428571429,23.81%
"形态: 10日内有涨停 | 形态: 两连阴 (-9.99%, -3.31%)",1,-6.17,-3.08,0.0%
"形态: 两连阴 (-3.46%, -3.59%)",1,-6.18,-6.18,0.0%
"形态: 两连阴 (-0.10%, -2.76%)",1,-6.18,-5.55,0.0%
"形态: 10日内有涨停 | 形态: 两连阴 (-10.01%, -9.99%)",1,-6.21,-3.69,0.0%
"形态: 两连阴 (-10.02%, -9.53%) | 趋势: 高于MA20",1,-6.22,3.69,0.0%
"形态: 两连阴 (-0.67%, -0.60%)",1,-6.25,1.12,0.0%
"量能: 放量 (1.53X) | 形态: 10日内有涨停 | 形态: 两连阴 (-1.22%, -0.99%) | 趋势: 高于MA20 | 动量: 突破转强 (阳线上穿5/10)",1,-6.35,-2.72,0.0%
"形态: 两连阴 (-1.18%, -2.38%)",1,-6.37,0.94,0.0%
"形态: 10日内有涨停 | 形态: 两连阴 (-2.52%, -4.26%) | 趋势: 高于MA20",1,-6.48,-3.13,0.0%
"趋势: 多头排列 (5>20>60) | 形态: 两连阴 (-3.98%, -7.07%)",1,-6.56,-6.56,0.0%
"趋势: 多头排列 (5>20>60) | 形态: 10日内有涨停 | 形态: 两连阴 (-5.17%, -9.55%)",1,-6.57,-0.67,0.0%
"形态: 10日内有涨停 | 形态: 两连阴 (-2.58%, -6.52%) | 趋势: 高于MA20",1,-6.63,-6.63,0.0%
"形态: 两连阴 (-0.31%, -2.14%)",1,-6.65,-3.08,0.0%
"形态: 10日内有涨停 | 形态: 两连阴 (-7.06%, -4.33%) | 趋势: 高于MA20",1,-6.73,-6.73,0.0%
"形态: 10日内有涨停 | 形态: 两连阴 (-8.80%, -1.40%)",1,-6.83,-1.4,0.0%
"形态: 两连阴 (-2.51%, -7.14%)",1,-6.94,-5.48,0.0%
量能: 放量 (1.85X) | 趋势: 高于MA20 | 动量: 突破转强 (阳线上穿5/10),1,-6.96,0.28,0.0%
"趋势: 多头排列 (5>20>60) | 形态: 两连阴 (-6.80%, -4.75%)",1,-6.96,-3.48,0.0%
"趋势: 多头排列 (5>20>60) | 量能: 放量 (1.56X) | 形态: 10日内有涨停 | 形态: 两连阴 (-5.29%, -1.79%) | 趋势: 高于MA20 | 动量: 突破转强 (阳线上穿5/10)",1,-7.02,-0.83,0.0%
"形态: 两连阴 (-0.22%, -2.24%)",1,-7.03,-1.59,0.0%
"趋势: 多头排列 (5>20>60) | 形态: 10日内有涨停 | 形态: 两连阴 (-1.53%, -7.82%)",1,-7.04,-2.55,0.0%
"形态: 两连阴 (-1.47%, -2.58%) | 趋势: 高于MA20",1,-7.06,-1.59,0.0%
"趋势: 多头排列 (5>20>60) | 形态: 10日内有涨停 | 形态: 两连阴 (-6.50%, -4.03%)",1,-7.08,-2.36,0.0%
"量能: 放量 (1.53X) | 形态: 两连阴 (-0.40%, -0.13%) | 趋势: 高于MA20 | 动量: 突破转强 (阳线上穿5/10)",1,-7.1,-2.62,0.0%
"形态: 10日内有涨停 | 形态: 两连阴 (-1.34%, -5.23%)",1,-7.16,-5.79,0.0%
量能: 放量 (2.05X),1,-7.17,-3.58,0.0%
"形态: 两连阴 (-1.71%, -0.40%)",1,-7.17,2.57,0.0%
量能: 放量 (1.79X) | 形态: 10日内有涨停 | 趋势: 高于MA20 | 动量: 突破转强 (阳线上穿5/10),1,-7.19,-4.41,0.0%
"形态: 两连阴 (-0.57%, -2.30%)",1,-7.2,-3.75,0.0%
量能: 放量 (2.38X) | 趋势: 高于MA20 | 动量: 突破转强 (阳线上穿5/10),1,-7.23,-4.28,0.0%
"形态: 两连阴 (-0.40%, -5.27%)",1,-7.24,-1.11,0.0%
"形态: 两连阴 (-0.66%, -1.26%)",1,-7.28,-5.53,0.0%
量能: 放量 (1.73X) | 动量: 突破转强 (阳线上穿5/10),1,-7.37,-1.3,0.0%
"形态: 10日内有涨停 | 形态: 两连阴 (-1.89%, -3.25%)",1,-7.45,-2.93,0.0%
"形态: 两连阴 (-5.35%, -2.75%)",1,-7.52,-7.52,0.0%
"形态: 10日内有涨停 | 形态: 两连阴 (-5.54%, -7.88%)",1,-7.53,-3.5,0.0%
量能: 放量 (1.59X) | 动量: 突破转强 (阳线上穿5/10),1,-7.63,-5.82,0.0%
量能: 放量 (1.53X),1,-7.64,-6.46,0.0%
"趋势: 多头排列 (5>20>60) | 形态: 10日内有涨停 | 形态: 两连阴 (-10.01%, -9.99%)",1,-7.72,-3.55,0.0%
"形态: 两连阴 (-0.18%, -1.14%) | 动量: 突破转强 (阳线上穿5/10)",1,-7.74,-4.85,0.0%
"趋势: 多头排列 (5>20>60) | 形态: 两连阴 (-2.72%, -4.10%) | 趋势: 高于MA20",1,-7.76,6.01,0.0%
量能: 放量 (1.67X) | 动量: 突破转强 (阳线上穿5/10),2,-7.88,-6.57,0.0%
"形态: 两连阴 (-3.33%, -3.66%)",1,-7.91,-3.47,0.0%
"形态: 两连阴 (-0.45%, -0.72%)",1,-7.93,-1.39,0.0%
量能: 放量 (1.71X) | 形态: 10日内有涨停,2,-7.99,-1.9600000000000002,0.0%
"趋势: 多头排列 (5>20>60) | 形态: 10日内有涨停 | 形态: 两连阴 (-5.85%, -1.83%)",1,-8.03,-5.32,0.0%
"量能: 放量 (1.74X) | 形态: 两连阴 (-3.66%, -2.28%)",1,-8.04,2.92,0.0%
量能: 放量 (1.96X) | 形态: 10日内有涨停 | 趋势: 高于MA20,1,-8.16,-8.16,0.0%
"形态: 两连阴 (-4.14%, -9.98%)",1,-8.2,-5.25,0.0%
"形态: 两连阴 (-4.97%, -4.99%)",1,-8.22,5.01,0.0%
量能: 放量 (2.39X) | 形态: 10日内有涨停,1,-8.23,-2.57,0.0%
"形态: 两连阴 (-0.89%, -2.36%)",1,-8.26,6.45,0.0%
"形态: 10日内有涨停 | 形态: 两连阴 (-6.65%, -3.78%) | 趋势: 高于MA20",1,-8.3,4.8,0.0%
"趋势: 多头排列 (5>20>60) | 形态: 10日内有涨停 | 形态: 两连阴 (-5.21%, -3.73%)",1,-8.35,-2.5,0.0%
量能: 放量 (2.02X) | 趋势: 高于MA20 | 动量: 突破转强 (阳线上穿5/10),1,-8.36,-5.55,0.0%
量能: 放量 (2.03X) | 形态: 10日内有涨停 | 趋势: 高于MA20 | 动量: 突破转强 (阳线上穿5/10),1,-8.55,-8.55,0.0%
"趋势: 多头排列 (5>20>60) | 形态: 10日内有涨停 | 形态: 两连阴 (-8.67%, -6.93%)",1,-8.58,-4.36,0.0%
"趋势: 多头排列 (5>20>60) | 形态: 两连阴 (-1.80%, -4.07%)",1,-8.61,-3.51,0.0%
"形态: 两连阴 (-1.29%, -1.74%)",1,-8.64,-1.95,0.0%
"趋势: 多头排列 (5>20>60) | 形态: 10日内有涨停 | 形态: 两连阴 (-7.47%, -6.53%)",1,-8.65,-6.45,0.0%
"形态: 10日内有涨停 | 形态: 两连阴 (-0.12%, -1.83%)",1,-8.67,-3.17,0.0%
"形态: 10日内有涨停 | 形态: 两连阴 (-1.15%, -3.67%)",1,-8.85,-4.86,0.0%
"形态: 10日内有涨停 | 形态: 两连阴 (-2.57%, -3.05%) | 趋势: 高于MA20 | 动量: 突破转强 (阳线上穿5/10)",1,-8.95,-0.72,0.0%
量能: 放量 (2.02X) | 形态: 10日内有涨停 | 动量: 突破转强 (阳线上穿5/10),1,-8.98,-4.23,0.0%
"形态: 10日内有涨停 | 形态: 两连阴 (-3.98%, -2.02%) | 趋势: 高于MA20",1,-9.0,4.0,0.0%
量能: 放量 (1.86X) | 动量: 突破转强 (阳线上穿5/10),1,-9.05,-3.36,0.0%
"形态: 10日内有涨停 | 形态: 两连阴 (-2.92%, -6.81%)",1,-9.06,-4.41,0.0%
"趋势: 多头排列 (5>20>60) | 形态: 10日内有涨停 | 形态: 两连阴 (-1.02%, -4.19%) | 趋势: 高于MA20 | 动量: 突破转强 (阳线上穿5/10)",1,-9.09,-9.09,0.0%
量能: 放量 (1.53X) | 形态: 10日内有涨停,1,-9.11,-7.27,0.0%
"形态: 10日内有涨停 | 形态: 两连阴 (-0.10%, -3.42%) | 趋势: 高于MA20 | 动量: 突破转强 (阳线上穿5/10)",1,-9.18,0.29,0.0%
"趋势: 多头排列 (5>20>60) | 形态: 10日内有涨停 | 形态: 两连阴 (-10.00%, -9.98%)",1,-9.34,-4.43,0.0%
"趋势: 多头排列 (5>20>60) | 形态: 10日内有涨停 | 形态: 两连阴 (-1.25%, -8.50%) | 趋势: 高于MA20",1,-9.35,-7.72,0.0%
"形态: 两连阴 (-3.75%, -1.80%)",1,-9.35,-0.41,0.0%
"形态: 两连阴 (-7.06%, -8.13%)",1,-9.4,-7.76,0.0%
"形态: 10日内有涨停 | 形态: 两连阴 (-3.00%, -0.93%)",1,-9.42,-2.89,0.0%
"形态: 两连阴 (-0.14%, -0.91%)",1,-9.49,-4.88,0.0%
"形态: 两连阴 (-3.06%, -4.91%)",1,-9.51,2.99,0.0%
趋势: 多头排列 (5>20>60) | 形态: 10日内有涨停 | 趋势: 高于MA20,74,-9.532297297297298,-0.5562162162162163,17.57%
"形态: 10日内有涨停 | 形态: 两连阴 (-5.84%, -6.06%)",1,-9.57,-7.25,0.0%
"趋势: 多头排列 (5>20>60) | 形态: 10日内有涨停 | 形态: 两连阴 (-4.50%, -4.92%)",1,-9.7,0.12,0.0%
量能: 放量 (1.62X),1,-9.79,-7.25,0.0%
"形态: 10日内有涨停 | 形态: 两连阴 (-6.46%, -4.05%)",1,-9.8,-9.8,0.0%
"形态: 10日内有涨停 | 形态: 两连阴 (-9.09%, -10.00%)",1,-9.85,-5.28,0.0%
"形态: 两连阴 (-3.36%, -6.79%)",1,-9.88,-3.61,0.0%
"趋势: 多头排列 (5>20>60) | 形态: 10日内有涨停 | 形态: 两连阴 (-2.59%, -3.58%)",1,-9.89,-7.6,0.0%
"形态: 两连阴 (-0.81%, -0.34%) | 动量: 突破转强 (阳线上穿5/10)",1,-9.94,-1.82,0.0%
量能: 放量 (1.55X) | 趋势: 高于MA20 | 动量: 突破转强 (阳线上穿5/10),2,-10.059999999999999,-6.255,0.0%
"量能: 放量 (1.74X) | 形态: 两连阴 (-9.89%, -9.95%)",1,-10.06,-10.06,0.0%
"形态: 两连阴 (-6.03%, -9.43%)",1,-10.15,-6.24,0.0%
"形态: 10日内有涨停 | 形态: 两连阴 (-6.03%, -1.86%)",1,-10.3,0.7,0.0%
"趋势: 多头排列 (5>20>60) | 形态: 10日内有涨停 | 形态: 两连阴 (-7.41%, -6.95%) | 趋势: 高于MA20",1,-10.34,-8.37,0.0%
"形态: 两连阴 (-0.80%, -1.27%)",1,-10.42,-9.99,0.0%
量能: 放量 (2.26X) | 趋势: 高于MA20 | 动量: 突破转强 (阳线上穿5/10),1,-10.42,-3.99,0.0%
"形态: 两连阴 (-3.50%, -5.03%)",1,-10.43,-6.25,0.0%
"形态: 10日内有涨停 | 形态: 两连阴 (-0.61%, -3.69%) | 趋势: 高于MA20",1,-10.58,0.21,0.0%
量能: 放量 (1.91X) | 形态: 10日内有涨停 | 趋势: 高于MA20 | 动量: 突破转强 (阳线上穿5/10),1,-10.58,-5.0,0.0%
量能: 放量 (1.60X) | 形态: 10日内有涨停 | 趋势: 高于MA20 | 动量: 突破转强 (阳线上穿5/10),2,-10.74,-4.05,0.0%
"趋势: 多头排列 (5>20>60) | 形态: 10日内有涨停 | 形态: 两连阴 (-3.57%, -6.68%) | 趋势: 高于MA20",1,-10.76,2.33,0.0%
趋势: 多头排列 (5>20>60) | 形态: 10日内有涨停,19,-10.858421052631579,-2.804736842105263,21.05%
"量能: 放量 (1.66X) | 形态: 两连阴 (-0.44%, -2.05%) | 动量: 突破转强 (阳线上穿5/10)",1,-10.91,-0.14,0.0%
量能: 放量 (2.32X) | 形态: 10日内有涨停 | 趋势: 高于MA20 | 动量: 突破转强 (阳线上穿5/10),1,-10.93,-2.16,0.0%
"形态: 两连阴 (-3.07%, -0.95%)",1,-10.94,-3.3,0.0%
"趋势: 多头排列 (5>20>60) | 形态: 10日内有涨停 | 形态: 两连阴 (-3.20%, -7.46%) | 趋势: 高于MA20",1,-11.17,-6.4,0.0%
"形态: 两连阴 (-1.42%, -1.32%)",1,-11.27,-6.69,0.0%
趋势: 多头排列 (5>20>60) | 量能: 放量 (1.77X) | 形态: 10日内有涨停 | 趋势: 高于MA20 | 动量: 突破转强 (阳线上穿5/10),1,-11.31,-4.83,0.0%
"形态: 两连阴 (-0.08%, -0.64%)",1,-11.56,-6.09,0.0%
"形态: 10日内有涨停 | 形态: 两连阴 (-1.23%, -1.08%)",1,-11.67,-5.25,0.0%
量能: 放量 (1.76X) | 动量: 突破转强 (阳线上穿5/10),1,-11.68,-6.36,0.0%
"趋势: 多头排列 (5>20>60) | 形态: 10日内有涨停 | 形态: 两连阴 (-9.55%, -5.93%) | 趋势: 高于MA20",1,-11.69,-3.43,0.0%
"形态: 两连阴 (-0.49%, -0.49%)",1,-11.7,5.96,0.0%
量能: 放量 (2.09X) | 形态: 10日内有涨停 | 趋势: 高于MA20,1,-11.87,-3.78,0.0%
量能: 放量 (1.67X) | 形态: 10日内有涨停 | 趋势: 高于MA20 | 动量: 突破转强 (阳线上穿5/10),1,-11.9,-2.89,0.0%
趋势: 多头排列 (5>20>60) | 形态: 10日内有涨停 | 趋势: 高于MA20 | 动量: 突破转强 (阳线上穿5/10),52,-11.949807692307692,-0.17673076923076905,19.23%
量能: 放量 (1.84X) | 形态: 10日内有涨停 | 趋势: 高于MA20 | 动量: 突破转强 (阳线上穿5/10),2,-12.0,4.01,0.0%
量能: 放量 (2.35X),1,-12.07,-10.0,0.0%
"形态: 10日内有涨停 | 形态: 两连阴 (-3.41%, -6.34%)",1,-12.14,-7.04,0.0%
量能: 放量 (2.02X) | 形态: 10日内有涨停 | 趋势: 高于MA20 | 动量: 突破转强 (阳线上穿5/10),2,-12.3,-2.945,0.0%
量能: 放量 (1.57X) | 趋势: 高于MA20 | 动量: 突破转强 (阳线上穿5/10),1,-12.32,-6.82,0.0%
量能: 放量 (2.02X) | 形态: 10日内有涨停,1,-12.46,-7.45,0.0%
"形态: 两连阴 (-1.76%, -4.74%)",1,-12.65,0.5,0.0%
"形态: 两连阴 (-1.23%, -1.91%)",1,-12.72,1.62,0.0%
量能: 放量 (1.74X) | 动量: 突破转强 (阳线上穿5/10),1,-12.73,3.78,0.0%
"趋势: 多头排列 (5>20>60) | 形态: 10日内有涨停 | 形态: 两连阴 (-8.99%, -9.78%) | 趋势: 高于MA20",1,-12.84,-7.25,0.0%
量能: 放量 (1.80X) | 形态: 10日内有涨停 | 趋势: 高于MA20 | 动量: 突破转强 (阳线上穿5/10),1,-12.96,-5.55,0.0%
"趋势: 多头排列 (5>20>60) | 量能: 放量 (1.58X) | 形态: 两连阴 (-4.69%, -1.97%) | 趋势: 高于MA20 | 动量: 突破转强 (阳线上穿5/10)",1,-12.99,-3.3,0.0%
"形态: 两连阴 (-3.06%, -1.05%)",1,-13.12,-6.17,0.0%
"趋势: 多头排列 (5>20>60) | 形态: 10日内有涨停 | 形态: 两连阴 (-8.67%, -10.00%)",1,-13.31,-5.26,0.0%
"形态: 10日内有涨停 | 形态: 两连阴 (-2.56%, -0.10%) | 趋势: 高于MA20",1,-13.36,-3.44,0.0%
"趋势: 多头排列 (5>20>60) | 形态: 10日内有涨停 | 形态: 两连阴 (-3.59%, -4.52%)",1,-13.44,-4.28,0.0%
"形态: 两连阴 (-2.01%, -3.92%)",1,-13.48,-9.02,0.0%
"形态: 10日内有涨停 | 形态: 两连阴 (-1.38%, -1.71%) | 趋势: 高于MA20",1,-13.58,-6.54,0.0%
"趋势: 多头排列 (5>20>60) | 形态: 10日内有涨停 | 形态: 两连阴 (-9.23%, -8.58%)",1,-13.6,-7.55,0.0%
量能: 放量 (1.70X),1,-13.74,-10.0,0.0%
"趋势: 多头排列 (5>20>60) | 形态: 两连阴 (-2.11%, -3.08%)",1,-13.92,-6.56,0.0%
"形态: 两连阴 (-4.52%, -1.45%)",1,-14.11,-7.2,0.0%
"趋势: 多头排列 (5>20>60) | 形态: 10日内有涨停 | 形态: 两连阴 (-0.32%, -7.55%) | 趋势: 高于MA20",1,-14.21,-5.99,0.0%
量能: 放量 (2.04X) | 形态: 10日内有涨停 | 趋势: 高于MA20 | 动量: 突破转强 (阳线上穿5/10),1,-14.21,-10.0,0.0%
"形态: 10日内有涨停 | 形态: 两连阴 (-2.76%, -4.71%) | 趋势: 高于MA20",1,-14.3,-3.12,0.0%
量能: 放量 (1.72X) | 形态: 10日内有涨停 | 趋势: 高于MA20 | 动量: 突破转强 (阳线上穿5/10),1,-14.51,-5.79,0.0%
"趋势: 多头排列 (5>20>60) | 形态: 10日内有涨停 | 形态: 两连阴 (-4.95%, -2.31%)",1,-14.87,-9.05,0.0%
"趋势: 多头排列 (5>20>60) | 形态: 10日内有涨停 | 形态: 两连阴 (-0.48%, -0.92%) | 趋势: 高于MA20",1,-14.88,5.22,0.0%
"趋势: 多头排列 (5>20>60) | 形态: 10日内有涨停 | 形态: 两连阴 (-1.61%, -4.16%) | 趋势: 高于MA20",1,-15.1,-4.07,0.0%
趋势: 多头排列 (5>20>60) | 量能: 放量 (1.82X) | 形态: 10日内有涨停 | 趋势: 高于MA20 | 动量: 突破转强 (阳线上穿5/10),1,-15.2,-9.98,0.0%
"量能: 放量 (2.01X) | 形态: 两连阴 (-4.99%, -1.08%)",1,-15.44,-8.05,0.0%
量能: 放量 (1.92X) | 趋势: 高于MA20 | 动量: 突破转强 (阳线上穿5/10),1,-15.47,-7.74,0.0%
"形态: 两连阴 (-1.49%, -4.23%)",1,-15.88,3.36,0.0%
"趋势: 多头排列 (5>20>60) | 形态: 10日内有涨停 | 形态: 两连阴 (-4.50%, -6.86%) | 趋势: 高于MA20",1,-15.91,-6.53,0.0%
"量能: 放量 (1.90X) | 形态: 10日内有涨停 | 形态: 两连阴 (-3.17%, -3.71%) | 趋势: 高于MA20 | 动量: 突破转强 (阳线上穿5/10)",1,-16.67,-9.95,0.0%
"趋势: 多头排列 (5>20>60) | 形态: 两连阴 (-6.05%, -1.53%)",1,-16.81,7.69,0.0%
量能: 放量 (1.62X) | 形态: 10日内有涨停 | 趋势: 高于MA20,1,-16.92,4.1,0.0%
"形态: 10日内有涨停 | 形态: 两连阴 (-1.82%, -3.15%) | 趋势: 高于MA20",1,-17.17,-5.23,0.0%
"趋势: 多头排列 (5>20>60) | 形态: 两连阴 (-3.02%, -4.47%) | 趋势: 高于MA20 | 动量: 突破转强 (阳线上穿5/10)",1,-17.29,1.74,0.0%
"趋势: 多头排列 (5>20>60) | 形态: 10日内有涨停 | 形态: 两连阴 (-10.00%, -0.37%)",1,-17.33,-6.11,0.0%
量能: 放量 (1.62X) | 趋势: 高于MA20 | 动量: 突破转强 (阳线上穿5/10),1,-17.36,-8.16,0.0%
量能: 放量 (1.66X),1,-17.46,-4.89,0.0%
"趋势: 多头排列 (5>20>60) | 形态: 10日内有涨停 | 形态: 两连阴 (-2.69%, -1.30%) | 趋势: 高于MA20",1,-17.95,-7.82,0.0%
"形态: 两连阴 (-2.64%, -0.69%)",1,-18.26,-1.91,0.0%
量能: 放量 (2.50X) | 形态: 10日内有涨停 | 趋势: 高于MA20 | 动量: 突破转强 (阳线上穿5/10),1,-18.53,-5.02,0.0%
"形态: 10日内有涨停 | 形态: 两连阴 (-2.78%, -6.80%) | 趋势: 高于MA20",1,-19.77,-1.71,0.0%
"趋势: 多头排列 (5>20>60) | 形态: 10日内有涨停 | 形态: 两连阴 (-7.28%, -0.62%) | 趋势: 高于MA20",1,-20.1,-4.16,0.0%
"趋势: 多头排列 (5>20>60) | 形态: 10日内有涨停 | 形态: 两连阴 (-3.71%, -1.40%) | 趋势: 高于MA20",1,-20.26,-1.3,0.0%
"形态: 10日内有涨停 | 形态: 两连阴 (-4.07%, -3.26%)",1,-20.28,0.0,0.0%
"形态: 两连阴 (-4.97%, -5.02%)",1,-20.4,-1.08,0.0%
"形态: 两连阴 (-9.97%, -9.99%)",1,-21.29,-9.87,0.0%
"形态: 10日内有涨停 | 形态: 两连阴 (-3.73%, -7.88%)",1,-21.34,-9.98,0.0%
"趋势: 多头排列 (5>20>60) | 形态: 10日内有涨停 | 形态: 两连阴 (-3.58%, -3.49%) | 趋势: 高于MA20 | 动量: 突破转强 (阳线上穿5/10)",1,-21.44,-10.0,0.0%
趋势: 多头排列 (5>20>60) | 量能: 放量 (1.61X) | 形态: 10日内有涨停 | 趋势: 高于MA20,1,-22.18,-4.52,0.0%
"趋势: 多头排列 (5>20>60) | 形态: 10日内有涨停 | 形态: 两连阴 (-3.16%, -0.42%) | 趋势: 高于MA20 | 动量: 突破转强 (阳线上穿5/10)",1,-22.46,7.79,0.0%
"趋势: 多头排列 (5>20>60) | 形态: 10日内有涨停 | 形态: 两连阴 (-5.21%, -2.51%) | 趋势: 高于MA20",1,-22.5,10.0,0.0%
"趋势: 多头排列 (5>20>60) | 形态: 10日内有涨停 | 形态: 两连阴 (-3.46%, -5.20%) | 趋势: 高于MA20 | 动量: 突破转强 (阳线上穿5/10)",1,-22.83,-2.21,0.0%
"趋势: 多头排列 (5>20>60) | 形态: 两连阴 (-9.98%, -6.06%) | 趋势: 高于MA20",1,-23.38,-10.02,0.0%
量能: 放量 (1.88X),1,-24.36,-9.21,0.0%
"趋势: 多头排列 (5>20>60) | 形态: 10日内有涨停 | 形态: 两连阴 (-1.55%, -4.06%) | 趋势: 高于MA20 | 动量: 突破转强 (阳线上穿5/10)",1,-24.87,-7.39,0.0%
"趋势: 多头排列 (5>20>60) | 形态: 10日内有涨停 | 形态: 两连阴 (-8.16%, -2.41%) | 趋势: 高于MA20",1,-25.38,-10.0,0.0%
"形态: 10日内有涨停 | 形态: 两连阴 (-2.49%, -2.27%) | 趋势: 高于MA20",1,-26.1,-3.2,0.0%
"形态: 两连阴 (-1.40%, -1.94%) | 趋势: 高于MA20 | 动量: 突破转强 (阳线上穿5/10)",1,-26.25,-0.24,0.0%
量能: 放量 (5.00X),1,-27.04,-9.95,0.0%
"趋势: 多头排列 (5>20>60) | 形态: 10日内有涨停 | 形态: 两连阴 (-8.85%, -1.12%) | 趋势: 高于MA20",1,-30.58,-10.0,0.0%
