Code,Name,Latest_Date,Latest_Close,Daily_Change_Pct,Matched_Conditions,MA20,MA60,Volume_Ratio
002300,太阳电缆,2026-07-31,13.02,1.56%,"趋势: 多头排列 (5>20>60) | 形态: 两连阴 (-0.89%, -4.40%) | 趋势: 高于MA20",10.17,8.97,0.87X
603339,四方科技,2026-07-15,12.94,-10.01%,"趋势: 多头排列 (5>20>60) | 形态: 10日内有涨停 | 形态: 两连阴 (-1.66%, -10.01%)",14.48,13.76,0.71X
002682,龙洲股份,2026-07-31,4.19,1.21%,趋势: 高于MA20 | 动量: 突破转强 (阳线上穿5/10),4.13,4.78,0.99X
002911,佛燃能源,2026-07-31,8.8,0.23%,动量: 突破转强 (阳线上穿5/10),9.29,10.41,1.04X
603889,新澳股份,2026-07-31,5.84,0.86%,趋势: 高于MA20 | 动量: 突破转强 (阳线上穿5/10),5.45,6.08,0.65X
002243,力合科创,2026-07-31,9.88,2.60%,趋势: 多头排列 (5>20>60) | 趋势: 高于MA20,8.79,8.30,1.08X
002488,金固股份,2026-07-15,8.45,0.60%,"形态: 两连阴 (-3.81%, -2.21%)",9.16,10.59,0.90X
002642,荣联科技,2026-07-15,7.0,0.72%,形态: 10日内有涨停 | 趋势: 高于MA20,6.58,7.64,0.64X
600587,新华医疗,2026-07-15,12.72,3.67%,趋势: 高于MA20 | 动量: 突破转强 (阳线上穿5/10),12.13,12.99,1.38X
600628,新世界,2026-07-15,6.06,1.17%,趋势: 高于MA20 | 动量: 突破转强 (阳线上穿5/10),5.83,6.39,1.08X
603535,嘉诚国际,2026-07-15,6.11,1.66%,动量: 突破转强 (阳线上穿5/10),6.20,7.21,1.08X
000058,深 赛 格,2026-07-15,6.16,1.82%,动量: 突破转强 (阳线上穿5/10),6.25,7.42,0.96X
002152,广电运通,2026-07-15,9.97,0.00%,"形态: 10日内有涨停 | 形态: 两连阴 (-1.36%, -1.58%) | 趋势: 高于MA20",9.78,10.71,0.59X
601858,中国科传,2026-07-15,18.13,0.39%,形态: 10日内有涨停 | 动量: 突破转强 (阳线上穿5/10),18.28,22.51,1.16X
600611,大众交通,2026-07-15,3.72,2.48%,动量: 突破转强 (阳线上穿5/10),3.87,4.44,0.99X
600756,浪潮软件,2026-07-31,9.22,1.21%,动量: 突破转强 (阳线上穿5/10),10.81,13.15,0.84X
600097,开创国际,2026-07-15,8.23,2.11%,趋势: 高于MA20 | 动量: 突破转强 (阳线上穿5/10),8.12,9.22,1.02X
600249,两面针,2026-07-15,4.92,3.36%,趋势: 高于MA20 | 动量: 突破转强 (阳线上穿5/10),4.73,5.32,1.31X
600860,京城股份,2026-07-31,8.0,0.88%,趋势: 高于MA20 | 动量: 突破转强 (阳线上穿5/10),7.85,8.88,0.95X
000605,渤海股份,2026-07-15,5.76,3.78%,趋势: 高于MA20 | 动量: 突破转强 (阳线上穿5/10),5.58,6.30,1.19X
603073,彩蝶实业,2026-07-15,15.35,0.52%,动量: 突破转强 (阳线上穿5/10),15.47,18.09,0.89X
600644,乐山电力,2026-07-31,7.43,4.50%,"形态: 两连阴 (-0.27%, -4.69%)",7.82,9.57,1.29X
600382,广东明珠,2026-07-31,6.35,-0.31%,趋势: 高于MA20,6.22,7.49,0.83X
600461,洪城环境,2026-07-15,9.44,1.83%,趋势: 高于MA20 | 动量: 突破转强 (阳线上穿5/10),9.17,9.76,1.05X
000048,京基智农,2026-07-31,18.81,10.00%,"形态: 10日内有涨停 | 形态: 两连阴 (-0.11%, -5.58%) | 动量: 突破转强 (阳线上穿5/10)",20.10,17.88,1.17X
002268,电科网安,2026-07-15,14.42,1.84%,"形态: 两连阴 (-6.65%, -1.12%) | 趋势: 高于MA20",13.76,14.63,0.74X
605166,聚合顺,2026-07-31,4.68,5.17%,动量: 突破转强 (阳线上穿5/10),5.99,8.99,1.45X
002995,天地在线,2026-07-15,16.01,1.33%,形态: 10日内有涨停,17.82,20.84,0.77X
600679,上海凤凰,2026-07-15,9.3,1.42%,趋势: 高于MA20 | 动量: 突破转强 (阳线上穿5/10),9.01,10.03,1.05X
603303,得邦照明,2026-07-15,22.44,0.04%,"形态: 10日内有涨停 | 形态: 两连阴 (-7.14%, -2.61%)",26.11,23.96,0.84X
002593,日上集团,2026-07-31,4.27,0.71%,趋势: 高于MA20 | 动量: 突破转强 (阳线上穿5/10),4.14,4.48,1.16X
605033,美邦股份,2026-07-15,17.71,1.37%,趋势: 高于MA20 | 动量: 突破转强 (阳线上穿5/10),17.55,20.15,0.84X
002649,博彦科技,2026-07-15,8.28,3.24%,动量: 突破转强 (阳线上穿5/10),8.31,9.66,1.27X
601668,中国建筑,2026-07-15,4.72,0.64%,趋势: 高于MA20 | 动量: 突破转强 (阳线上穿5/10),4.54,4.73,1.19X
002245,蔚蓝锂芯,2026-07-31,15.88,5.03%,"形态: 10日内有涨停 | 形态: 两连阴 (-0.06%, -5.79%)",18.08,20.38,1.16X
002999,天禾股份,2026-07-15,5.63,1.44%,趋势: 高于MA20 | 动量: 突破转强 (阳线上穿5/10),5.55,6.31,0.80X
600062,华润双鹤,2026-07-15,17.25,2.31%,量能: 放量 (1.54X) | 趋势: 高于MA20 | 动量: 突破转强 (阳线上穿5/10),16.58,17.12,1.54X
603880,南卫股份,2026-07-31,6.9,0.15%,动量: 突破转强 (阳线上穿5/10),6.90,7.57,0.63X
002973,侨银股份,2026-07-15,10.33,4.45%,动量: 突破转强 (阳线上穿5/10),10.79,12.29,1.01X
002404,嘉欣丝绸,2026-07-15,5.84,1.92%,动量: 突破转强 (阳线上穿5/10),5.88,6.49,1.19X
000553,安道麦A,2026-07-31,6.74,0.45%,趋势: 多头排列 (5>20>60) | 趋势: 高于MA20 | 动量: 突破转强 (阳线上穿5/10),6.33,6.25,0.99X
002877,智能自控,2026-07-15,7.14,3.18%,动量: 突破转强 (阳线上穿5/10),7.21,8.19,1.24X
002845,同兴达,2026-07-15,14.21,-8.03%,形态: 10日内有涨停,15.66,15.28,1.04X
002540,亚太科技,2026-07-31,5.01,0.80%,趋势: 高于MA20 | 动量: 突破转强 (阳线上穿5/10),4.77,5.15,0.72X
603017,中衡设计,2026-07-31,8.99,2.98%,趋势: 高于MA20 | 动量: 突破转强 (阳线上穿5/10),8.94,11.12,1.01X
600737,中粮糖业,2026-07-31,6.92,0.44%,动量: 突破转强 (阳线上穿5/10),8.78,11.96,0.96X
002815,崇达技术,2026-07-31,10.65,2.21%,动量: 突破转强 (阳线上穿5/10),12.78,15.61,0.87X
000409,云鼎科技,2026-07-31,6.97,0.00%,形态: 10日内有涨停,7.20,8.64,0.51X
603585,苏利股份,2026-07-31,5.38,0.37%,动量: 突破转强 (阳线上穿5/10),7.60,13.15,1.11X
002998,优彩资源,2026-07-15,7.36,3.37%,形态: 10日内有涨停 | 趋势: 高于MA20 | 动量: 突破转强 (阳线上穿5/10),7.04,8.24,1.25X
605366,宏柏新材,2026-07-31,7.01,2.49%,"形态: 两连阴 (-1.24%, -4.47%)",8.48,10.59,0.91X
600279,重庆港,2026-07-31,4.24,-0.24%,趋势: 高于MA20,4.08,4.43,1.06X
003040,楚天龙,2026-07-15,10.11,1.00%,"形态: 两连阴 (-4.11%, -0.20%)",10.82,12.93,0.65X
000973,佛塑科技,2026-07-15,12.44,6.14%,形态: 10日内有涨停,13.96,15.75,1.25X
000948,南天信息,2026-07-31,15.78,2.60%,趋势: 多头排列 (5>20>60) | 量能: 放量 (1.57X) | 形态: 10日内有涨停 | 趋势: 高于MA20 | 动量: 突破转强 (阳线上穿5/10),13.72,13.46,1.57X
002582,好想你,2026-07-15,9.76,6.32%,量能: 放量 (2.10X) | 趋势: 高于MA20 | 动量: 突破转强 (阳线上穿5/10),8.92,10.52,2.10X
600415,小商品城,2026-07-15,10.43,5.89%,"量能: 放量 (1.67X) | 形态: 两连阴 (-1.87%, -1.30%) | 趋势: 高于MA20 | 动量: 突破转强 (阳线上穿5/10)",10.29,11.96,1.67X
600120,浙江东方,2026-07-15,4.91,-0.61%,形态: 10日内有涨停 | 趋势: 高于MA20,4.63,5.00,0.97X
002852,道道全,2026-07-31,10.35,1.77%,"趋势: 多头排列 (5>20>60) | 形态: 两连阴 (-1.04%, -2.87%) | 趋势: 高于MA20",9.33,8.43,0.79X
002103,广博股份,2026-07-15,6.15,2.84%,趋势: 高于MA20 | 动量: 突破转强 (阳线上穿5/10),6.02,6.99,1.08X
600282,南钢股份,2026-07-15,4.76,1.28%,趋势: 高于MA20 | 动量: 突破转强 (阳线上穿5/10),4.70,4.97,0.87X
600468,百利电气,2026-07-31,5.65,0.53%,形态: 10日内有涨停 | 趋势: 高于MA20,5.30,6.07,0.64X
600739,辽宁成大,2026-07-15,10.95,7.04%,量能: 放量 (1.86X) | 趋势: 高于MA20 | 动量: 突破转强 (阳线上穿5/10),10.30,10.87,1.86X
603331,百达精工,2026-07-31,11.4,2.43%,形态: 10日内有涨停 | 趋势: 高于MA20,10.80,12.16,0.66X
000950,重药控股,2026-07-15,5.59,3.71%,趋势: 高于MA20 | 动量: 突破转强 (阳线上穿5/10),5.20,5.68,1.47X
603739,蔚蓝生物,2026-07-31,10.04,1.52%,动量: 突破转强 (阳线上穿5/10),10.75,12.27,0.94X
002040,南 京 港,2026-07-15,8.01,1.65%,趋势: 高于MA20 | 动量: 突破转强 (阳线上穿5/10),7.88,9.29,1.36X
000932,华菱钢铁,2026-07-15,3.64,1.96%,趋势: 高于MA20 | 动量: 突破转强 (阳线上穿5/10),3.56,4.07,1.20X
000576,甘化科工,2026-07-15,6.57,1.70%,"形态: 10日内有涨停 | 形态: 两连阴 (-8.84%, -0.62%)",6.99,7.88,0.64X
000505,京粮控股,2026-07-15,5.5,2.23%,趋势: 高于MA20 | 动量: 突破转强 (阳线上穿5/10),5.26,5.91,1.00X
600854,春兰股份,2026-07-15,4.3,1.42%,趋势: 高于MA20 | 动量: 突破转强 (阳线上穿5/10),4.21,4.84,0.97X
600770,综艺股份,2026-07-15,6.15,-2.07%,"形态: 10日内有涨停 | 形态: 两连阴 (-2.11%, -3.09%)",6.36,6.58,0.71X
600126,杭钢股份,2026-07-15,5.82,2.65%,"形态: 两连阴 (-4.36%, -0.53%)",6.17,7.71,1.13X
002401,中远海科,2026-07-15,11.7,1.39%,动量: 突破转强 (阳线上穿5/10),11.95,13.28,0.92X
600007,中国国贸,2026-07-15,20.23,0.90%,趋势: 高于MA20 | 动量: 突破转强 (阳线上穿5/10),19.31,20.66,1.31X
000957,中通客车,2026-07-15,9.8,6.18%,量能: 放量 (1.67X) | 趋势: 高于MA20 | 动量: 突破转强 (阳线上穿5/10),9.63,10.68,1.67X
603518,锦泓集团,2026-07-15,8.05,1.64%,趋势: 高于MA20 | 动量: 突破转强 (阳线上穿5/10),7.71,8.61,0.96X
002096,易普力,2026-07-15,9.24,4.64%,趋势: 高于MA20 | 动量: 突破转强 (阳线上穿5/10),9.07,10.25,1.34X
601139,深圳燃气,2026-07-15,6.22,1.47%,趋势: 高于MA20 | 动量: 突破转强 (阳线上穿5/10),5.90,6.39,1.15X
002003,伟星股份,2026-07-15,9.12,3.28%,趋势: 高于MA20 | 动量: 突破转强 (阳线上穿5/10),8.65,9.24,0.82X
600156,华升股份,2026-07-15,7.68,-0.52%,"形态: 10日内有涨停 | 形态: 两连阴 (-7.87%, -0.13%)",8.61,10.08,0.71X
600479,千金药业,2026-07-15,10.04,2.14%,量能: 放量 (1.57X) | 趋势: 高于MA20 | 动量: 突破转强 (阳线上穿5/10),9.60,10.10,1.57X
603233,大参林,2026-07-15,19.25,-2.18%,趋势: 高于MA20,16.78,17.25,1.44X
603566,普莱柯,2026-07-15,10.53,0.86%,趋势: 高于MA20 | 动量: 突破转强 (阳线上穿5/10),10.20,10.94,1.33X
002330,得利斯,2026-07-15,3.82,1.87%,趋势: 高于MA20 | 动量: 突破转强 (阳线上穿5/10),3.64,4.11,0.87X
601919,中远海控,2026-07-15,14.66,1.73%,趋势: 高于MA20 | 动量: 突破转强 (阳线上穿5/10),13.84,14.22,1.18X
603689,皖天然气,2026-07-15,7.56,1.61%,趋势: 高于MA20 | 动量: 突破转强 (阳线上穿5/10),7.28,7.88,1.20X
003039,顺控发展,2026-07-15,11.38,1.79%,动量: 突破转强 (阳线上穿5/10),11.41,12.90,0.87X
002419,天虹股份,2026-07-15,4.53,3.19%,趋势: 高于MA20 | 动量: 突破转强 (阳线上穿5/10),4.39,4.89,1.22X
002743,富煌钢构,2026-07-31,11.6,0.00%,趋势: 多头排列 (5>20>60) | 趋势: 高于MA20,8.18,5.83,0.80X
002381,双箭股份,2026-07-15,5.35,0.38%,趋势: 高于MA20 | 动量: 突破转强 (阳线上穿5/10),5.31,5.90,0.87X
002820,桂发祥,2026-07-15,8.76,1.51%,趋势: 高于MA20 | 动量: 突破转强 (阳线上穿5/10),8.68,9.90,0.97X
002342,巨力索具,2026-07-15,8.23,-8.15%,"形态: 10日内有涨停 | 形态: 两连阴 (-10.03%, -10.04%)",10.08,13.49,1.23X
600661,昂立教育,2026-07-15,7.66,2.00%,趋势: 高于MA20 | 动量: 突破转强 (阳线上穿5/10),7.36,8.55,1.04X
600198,大唐电信,2026-07-15,7.32,-0.54%,"形态: 两连阴 (-3.81%, -8.91%)",8.83,8.83,0.73X
600778,友好集团,2026-07-15,5.21,2.36%,趋势: 高于MA20 | 动量: 突破转强 (阳线上穿5/10),5.11,5.94,1.07X
002802,洪汇新材,2026-07-15,10.6,0.76%,动量: 突破转强 (阳线上穿5/10),10.91,12.82,0.99X
000850,华茂股份,2026-07-31,3.96,0.00%,趋势: 高于MA20,3.92,3.96,0.91X
000555,神州信息,2026-07-31,4.72,0.85%,动量: 突破转强 (阳线上穿5/10),6.67,10.46,1.03X
603982,泉峰汽车,2026-07-15,5.67,1.43%,动量: 突破转强 (阳线上穿5/10),5.75,6.69,0.90X
603969,银龙股份,2026-07-15,7.8,10.01%,"形态: 10日内有涨停 | 形态: 两连阴 (-7.43%, -0.14%) | 趋势: 高于MA20 | 动量: 突破转强 (阳线上穿5/10)",7.50,8.38,1.00X
002926,华西证券,2026-07-31,12.15,3.05%,"趋势: 多头排列 (5>20>60) | 形态: 两连阴 (-1.64%, -6.65%) | 趋势: 高于MA20",11.26,9.25,0.98X
600167,联美控股,2026-07-15,5.87,1.38%,趋势: 高于MA20 | 动量: 突破转强 (阳线上穿5/10),5.64,6.31,1.13X
002091,江苏国泰,2026-07-15,7.44,1.64%,趋势: 高于MA20 | 动量: 突破转强 (阳线上穿5/10),7.39,8.39,0.92X
600109,国金证券,2026-07-31,6.54,1.71%,动量: 突破转强 (阳线上穿5/10),7.28,8.22,0.98X
000951,中国重汽,2026-07-15,21.48,-0.42%,形态: 10日内有涨停 | 趋势: 高于MA20,21.16,22.00,0.96X
002337,赛象科技,2026-07-31,4.38,1.86%,趋势: 高于MA20 | 动量: 突破转强 (阳线上穿5/10),4.33,4.93,0.91X
603213,镇洋发展,2026-07-15,14.29,0.63%,趋势: 多头排列 (5>20>60) | 趋势: 高于MA20,14.10,14.01,0.61X
600819,耀皮玻璃,2026-07-31,4.07,0.74%,动量: 突破转强 (阳线上穿5/10),4.42,5.90,1.14X
002250,联化科技,2026-07-15,16.26,7.75%,量能: 放量 (2.11X) | 形态: 10日内有涨停 | 趋势: 高于MA20 | 动量: 突破转强 (阳线上穿5/10),14.46,15.06,2.11X
002728,特一药业,2026-07-15,10.19,2.62%,趋势: 高于MA20 | 动量: 突破转强 (阳线上穿5/10),9.07,9.26,1.22X
600926,杭州银行,2026-07-15,15.79,1.09%,趋势: 高于MA20 | 动量: 突破转强 (阳线上穿5/10),15.26,16.13,1.05X
603018,华设集团,2026-07-15,5.35,2.29%,动量: 突破转强 (阳线上穿5/10),5.72,6.75,1.27X
600874,创业环保,2026-07-15,5.53,1.47%,趋势: 高于MA20 | 动量: 突破转强 (阳线上穿5/10),5.53,5.84,0.86X
600776,东方通信,2026-07-31,12.41,2.56%,趋势: 高于MA20 | 动量: 突破转强 (阳线上穿5/10),12.11,14.42,1.10X
000561,烽火电子,2026-07-31,7.53,0.27%,趋势: 高于MA20 | 动量: 突破转强 (阳线上穿5/10),7.15,7.92,1.09X
002369,卓翼科技,2026-07-31,11.15,3.43%,"趋势: 多头排列 (5>20>60) | 形态: 两连阴 (-0.44%, -5.36%) | 趋势: 高于MA20",9.40,7.39,1.22X
603861,白云电器,2026-07-15,12.06,-2.43%,"形态: 10日内有涨停 | 形态: 两连阴 (-3.22%, -2.06%)",13.60,15.54,0.66X
002297,博云新材,2026-07-31,15.45,2.86%,"形态: 两连阴 (-2.64%, -7.28%)",19.73,23.41,1.04X
605018,长华集团,2026-07-15,12.54,3.04%,"形态: 两连阴 (-6.55%, -0.73%)",13.81,13.95,1.13X
002476,宝莫股份,2026-07-31,4.36,2.11%,趋势: 高于MA20 | 动量: 突破转强 (阳线上穿5/10),4.36,5.03,0.90X
601512,中新集团,2026-07-15,8.01,4.16%,"量能: 放量 (1.59X) | 形态: 两连阴 (-2.90%, -0.13%) | 趋势: 高于MA20 | 动量: 突破转强 (阳线上穿5/10)",7.95,8.82,1.59X
000731,四川美丰,2026-07-15,5.83,0.52%,趋势: 高于MA20 | 动量: 突破转强 (阳线上穿5/10),5.49,6.16,0.68X
605268,王力安防,2026-07-15,9.23,0.33%,"形态: 两连阴 (-2.12%, -0.33%)",9.31,10.79,0.83X
603806,福斯特,2026-07-15,14.75,-1.07%,量能: 放量 (1.74X) | 形态: 10日内有涨停,15.75,17.00,1.74X
603676,卫信康,2026-07-31,8.4,1.45%,形态: 10日内有涨停,8.63,9.00,0.78X
001391,国货航,2026-07-15,4.26,1.67%,趋势: 高于MA20 | 动量: 突破转强 (阳线上穿5/10),4.23,4.86,0.93X
601816,京沪高铁,2026-07-15,4.77,1.06%,趋势: 高于MA20 | 动量: 突破转强 (阳线上穿5/10),4.63,4.83,1.12X
600872,中炬高新,2026-07-15,18.74,4.17%,趋势: 高于MA20 | 动量: 突破转强 (阳线上穿5/10),17.94,19.14,1.27X
603616,韩建河山,2026-07-31,7.82,0.39%,趋势: 多头排列 (5>20>60) | 趋势: 高于MA20 | 动量: 突破转强 (阳线上穿5/10),6.75,6.47,0.89X
000812,陕西金叶,2026-07-31,3.45,-1.15%,趋势: 高于MA20,3.25,3.49,1.41X
600843,上工申贝,2026-07-15,6.72,-1.61%,"形态: 两连阴 (-5.98%, -1.30%)",8.04,8.35,0.58X
000612,焦作万方,2026-07-15,10.84,-0.28%,趋势: 高于MA20,10.81,11.82,1.08X
600081,东风科技,2026-07-15,9.53,2.92%,趋势: 高于MA20 | 动量: 突破转强 (阳线上穿5/10),9.45,10.64,1.11X
603269,海鸥股份,2026-07-15,14.89,-6.29%,形态: 10日内有涨停,19.02,19.52,0.59X
600732,爱旭股份,2026-07-15,12.44,9.99%,形态: 10日内有涨停 | 动量: 突破转强 (阳线上穿5/10),12.68,13.23,1.26X
600731,湖南海利,2026-07-15,5.46,1.30%,趋势: 高于MA20 | 动量: 突破转强 (阳线上穿5/10),5.36,5.91,0.87X
600658,电子城,2026-07-15,4.0,2.04%,趋势: 高于MA20 | 动量: 突破转强 (阳线上穿5/10),3.98,4.59,0.96X
600576,祥源文旅,2026-07-15,6.14,2.68%,趋势: 高于MA20 | 动量: 突破转强 (阳线上穿5/10),5.84,5.86,0.99X
600561,江西长运,2026-07-15,5.19,0.97%,趋势: 高于MA20 | 动量: 突破转强 (阳线上穿5/10),5.18,6.04,0.85X
600153,建发股份,2026-07-31,9.19,-0.11%,趋势: 高于MA20,8.87,9.18,0.97X
002456,欧菲光,2026-07-31,4.43,1.61%,动量: 突破转强 (阳线上穿5/10),6.16,8.17,1.17X
601360,三六零,2026-07-15,9.0,2.04%,"形态: 两连阴 (-1.77%, -0.90%) | 趋势: 高于MA20 | 动量: 突破转强 (阳线上穿5/10)",8.87,10.04,0.98X
002206,海 利 得,2026-07-15,5.31,1.14%,动量: 突破转强 (阳线上穿5/10),5.36,5.61,0.77X
600986,浙文互联,2026-07-15,6.67,3.73%,"形态: 两连阴 (-6.71%, -1.53%) | 动量: 突破转强 (阳线上穿5/10)",7.07,8.85,0.93X
600703,三安光电,2026-07-15,14.25,-4.81%,"形态: 两连阴 (-7.14%, -4.83%)",18.49,16.56,0.72X
603638,艾迪精密,2026-07-15,21.02,1.45%,"形态: 10日内有涨停 | 形态: 两连阴 (-7.04%, -1.94%)",23.62,23.41,0.65X
601827,三峰环境,2026-07-15,7.82,-1.14%,趋势: 高于MA20,7.54,7.86,1.37X
000968,蓝焰控股,2026-07-15,6.79,-3.55%,形态: 10日内有涨停 | 趋势: 高于MA20,6.37,7.52,1.31X
603176,汇通集团,2026-07-15,4.37,1.39%,动量: 突破转强 (阳线上穿5/10),4.39,5.03,0.75X
603323,苏农银行,2026-07-15,4.23,1.44%,趋势: 高于MA20 | 动量: 突破转强 (阳线上穿5/10),4.10,4.59,0.84X
002429,兆驰股份,2026-07-31,14.8,0.48%,趋势: 多头排列 (5>20>60) | 趋势: 高于MA20 | 动量: 突破转强 (阳线上穿5/10),12.95,12.18,1.07X
600662,外服控股,2026-07-15,4.24,2.17%,趋势: 高于MA20 | 动量: 突破转强 (阳线上穿5/10),4.12,4.52,0.95X
603779,威龙股份,2026-07-31,5.82,1.93%,动量: 突破转强 (阳线上穿5/10),6.50,8.30,0.81X
603225,新凤鸣,2026-07-31,19.54,0.98%,趋势: 高于MA20 | 动量: 突破转强 (阳线上穿5/10),18.45,18.85,0.79X
603111,康尼机电,2026-07-31,7.07,0.71%,趋势: 多头排列 (5>20>60) | 趋势: 高于MA20 | 动量: 突破转强 (阳线上穿5/10),6.53,6.35,0.97X
600281,华阳新材,2026-07-15,4.01,1.01%,动量: 突破转强 (阳线上穿5/10),4.20,4.93,0.81X
001366,播恩集团,2026-07-15,11.41,1.78%,趋势: 高于MA20 | 动量: 突破转强 (阳线上穿5/10),11.39,13.73,1.09X
600210,紫江企业,2026-07-15,6.58,2.81%,趋势: 高于MA20 | 动量: 突破转强 (阳线上穿5/10),6.36,6.63,1.11X
603110,东方材料,2026-07-15,24.52,1.53%,趋势: 多头排列 (5>20>60) | 形态: 10日内有涨停 | 趋势: 高于MA20 | 动量: 突破转强 (阳线上穿5/10),23.05,22.20,1.34X
000011,深物业A,2026-07-31,6.6,4.27%,形态: 10日内有涨停 | 趋势: 高于MA20 | 动量: 突破转强 (阳线上穿5/10),6.27,6.99,1.12X
600172,黄河旋风,2026-07-15,14.07,-7.62%,"形态: 10日内有涨停 | 形态: 两连阴 (-10.00%, -0.46%)",16.54,12.92,0.72X
601700,风范股份,2026-07-15,4.61,1.10%,趋势: 高于MA20 | 动量: 突破转强 (阳线上穿5/10),4.52,5.04,1.38X
600535,天士力,2026-07-15,15.29,4.80%,量能: 放量 (1.77X) | 趋势: 高于MA20 | 动量: 突破转强 (阳线上穿5/10),13.98,14.29,1.77X
000998,隆平高科,2026-07-15,8.03,0.12%,趋势: 高于MA20 | 动量: 突破转强 (阳线上穿5/10),7.79,8.51,1.09X
002697,红旗连锁,2026-07-15,4.66,1.97%,趋势: 高于MA20 | 动量: 突破转强 (阳线上穿5/10),4.36,4.73,1.37X
002064,华峰化学,2026-07-15,10.33,4.34%,趋势: 高于MA20 | 动量: 突破转强 (阳线上穿5/10),10.28,10.63,1.01X
002623,亚玛顿,2026-07-31,6.41,1.10%,动量: 突破转强 (阳线上穿5/10),9.89,15.93,0.83X
002546,新联电子,2026-07-15,8.52,-1.39%,形态: 10日内有涨停 | 趋势: 高于MA20,7.50,7.78,0.93X
600422,昆药集团,2026-07-15,8.84,-0.79%,量能: 放量 (1.51X) | 趋势: 高于MA20,8.24,8.89,1.51X
601921,浙版传媒,2026-07-15,7.12,2.15%,趋势: 高于MA20 | 动量: 突破转强 (阳线上穿5/10),7.04,7.38,1.15X
603567,珍宝岛,2026-07-15,4.98,3.32%,趋势: 高于MA20 | 动量: 突破转强 (阳线上穿5/10),4.71,6.21,1.41X
002441,众业达,2026-07-15,7.81,1.83%,动量: 突破转强 (阳线上穿5/10),8.02,9.10,1.00X
600883,博闻科技,2026-07-31,16.4,-1.09%,趋势: 多头排列 (5>20>60) | 形态: 10日内有涨停 | 趋势: 高于MA20,11.64,9.38,1.27X
601187,厦门银行,2026-07-15,7.39,0.14%,趋势: 高于MA20 | 动量: 突破转强 (阳线上穿5/10),7.15,7.37,1.08X
600135,乐凯胶片,2026-07-31,7.02,2.18%,动量: 突破转强 (阳线上穿5/10),7.05,8.72,0.80X
001236,弘业期货,2026-07-15,7.08,2.91%,动量: 突破转强 (阳线上穿5/10),7.20,8.26,1.10X
600376,首开股份,2026-07-31,4.02,8.94%,量能: 放量 (1.95X) | 形态: 10日内有涨停 | 趋势: 高于MA20 | 动量: 突破转强 (阳线上穿5/10),3.47,3.81,1.95X
600054,黄山旅游,2026-07-15,11.08,1.47%,趋势: 高于MA20 | 动量: 突破转强 (阳线上穿5/10),10.93,11.21,1.05X
000848,承德露露,2026-07-15,8.46,1.56%,趋势: 高于MA20 | 动量: 突破转强 (阳线上穿5/10),7.82,8.25,1.04X
000710,贝瑞基因,2026-07-15,8.1,2.92%,趋势: 高于MA20 | 动量: 突破转强 (阳线上穿5/10),7.78,8.90,1.15X
605336,帅丰电器,2026-07-15,10.07,1.82%,"形态: 两连阴 (-2.82%, -1.20%)",12.68,15.38,0.69X
603065,宿迁联盛,2026-07-15,21.19,-9.98%,趋势: 多头排列 (5>20>60) | 形态: 10日内有涨停 | 趋势: 高于MA20,19.50,12.41,0.81X
603730,岱美股份,2026-07-15,11.01,-3.51%,形态: 10日内有涨停,11.58,11.72,0.94X
601229,上海银行,2026-07-31,11.06,-1.34%,趋势: 多头排列 (5>20>60) | 趋势: 高于MA20,10.23,9.48,1.37X
002346,柘中股份,2026-07-31,17.13,10.02%,"形态: 10日内有涨停 | 形态: 两连阴 (-1.49%, -5.64%) | 动量: 突破转强 (阳线上穿5/10)",18.31,19.31,1.33X
000729,燕京啤酒,2026-07-15,11.66,2.64%,趋势: 高于MA20 | 动量: 突破转强 (阳线上穿5/10),10.65,11.83,1.17X
603027,千禾味业,2026-07-15,7.55,3.14%,趋势: 高于MA20 | 动量: 突破转强 (阳线上穿5/10),7.26,8.05,1.02X
002016,世荣兆业,2026-07-15,4.23,2.92%,趋势: 高于MA20 | 动量: 突破转强 (阳线上穿5/10),4.13,4.73,1.02X
600463,空港股份,2026-07-31,7.59,0.93%,趋势: 高于MA20 | 动量: 突破转强 (阳线上穿5/10),7.52,8.79,0.81X
002382,蓝帆医疗,2026-07-31,7.11,4.41%,"趋势: 多头排列 (5>20>60) | 形态: 两连阴 (-1.14%, -1.73%) | 趋势: 高于MA20 | 动量: 突破转强 (阳线上穿5/10)",6.25,6.16,1.05X
603477,巨星农牧,2026-07-15,15.82,2.93%,"形态: 10日内有涨停 | 形态: 两连阴 (-0.77%, -1.03%) | 趋势: 高于MA20 | 动量: 突破转强 (阳线上穿5/10)",14.81,16.14,1.17X
600223,福瑞达,2026-07-15,5.55,1.46%,趋势: 高于MA20 | 动量: 突破转强 (阳线上穿5/10),5.27,5.93,1.15X
603900,莱绅通灵,2026-07-15,5.6,-2.61%,量能: 放量 (1.58X),5.82,6.71,1.58X
600597,光明乳业,2026-07-15,6.78,2.88%,趋势: 高于MA20 | 动量: 突破转强 (阳线上穿5/10),6.38,6.87,1.21X
603819,神力股份,2026-07-31,12.87,7.97%,量能: 放量 (1.72X) | 趋势: 高于MA20 | 动量: 突破转强 (阳线上穿5/10),12.33,12.70,1.72X
600177,雅戈尔,2026-07-15,7.82,0.51%,趋势: 多头排列 (5>20>60) | 趋势: 高于MA20 | 动量: 突破转强 (阳线上穿5/10),7.63,7.56,0.85X
603231,索宝蛋白,2026-07-31,20.4,6.25%,"趋势: 多头排列 (5>20>60) | 形态: 两连阴 (-4.82%, -8.31%) | 趋势: 高于MA20",19.40,17.17,1.16X
002053,云南能投,2026-07-15,9.39,1.51%,动量: 突破转强 (阳线上穿5/10),9.45,10.91,0.86X
002777,久远银海,2026-07-31,7.36,2.79%,动量: 突破转强 (阳线上穿5/10),9.17,12.56,1.09X
002905,金逸影视,2026-07-31,16.33,4.21%,趋势: 多头排列 (5>20>60) | 形态: 10日内有涨停 | 趋势: 高于MA20 | 动量: 突破转强 (阳线上穿5/10),11.71,9.20,1.23X
000837,秦川机床,2026-07-31,9.68,6.02%,趋势: 高于MA20 | 动量: 突破转强 (阳线上穿5/10),9.60,11.20,1.44X
002350,北京科锐,2026-07-15,14.6,-6.95%,形态: 10日内有涨停 | 趋势: 高于MA20,14.25,15.15,1.37X
000685,中山公用,2026-07-15,11.19,0.09%,量能: 放量 (1.60X),11.25,11.39,1.60X
603938,三孚股份,2026-07-31,15.39,1.72%,动量: 突破转强 (阳线上穿5/10),30.75,45.80,1.01X
600970,中材国际,2026-07-15,7.54,3.01%,趋势: 高于MA20 | 动量: 突破转强 (阳线上穿5/10),7.48,8.60,1.19X
002332,仙琚制药,2026-07-15,8.71,3.08%,趋势: 高于MA20 | 动量: 突破转强 (阳线上穿5/10),8.27,8.52,1.45X
002054,德美化工,2026-07-15,6.9,1.17%,动量: 突破转强 (阳线上穿5/10),7.01,7.73,0.73X
605007,五洲特纸,2026-07-31,15.68,1.82%,趋势: 多头排列 (5>20>60) | 趋势: 高于MA20 | 动量: 突破转强 (阳线上穿5/10),15.08,14.30,1.30X
600056,中国医药,2026-07-15,9.64,1.47%,趋势: 高于MA20 | 动量: 突破转强 (阳线上穿5/10),9.09,9.68,1.31X
000756,新华制药,2026-07-15,15.17,3.90%,趋势: 多头排列 (5>20>60) | 趋势: 高于MA20 | 动量: 突破转强 (阳线上穿5/10),13.85,13.79,1.41X
601699,潞安环能,2026-07-15,15.37,3.43%,趋势: 高于MA20 | 动量: 突破转强 (阳线上穿5/10),15.31,15.75,1.09X
002562,兄弟科技,2026-07-31,4.76,1.71%,趋势: 高于MA20 | 动量: 突破转强 (阳线上穿5/10),4.49,4.88,0.91X
600958,东方证券,2026-07-31,5.05,2.02%,动量: 突破转强 (阳线上穿5/10),6.62,8.50,0.91X
603538,美诺华,2026-07-15,39.0,10.01%,形态: 10日内有涨停 | 趋势: 高于MA20 | 动量: 突破转强 (阳线上穿5/10),36.21,45.35,1.11X
601022,宁波远洋,2026-07-15,7.99,1.27%,趋势: 高于MA20 | 动量: 突破转强 (阳线上穿5/10),7.84,8.27,1.20X
600333,长春燃气,2026-07-15,5.56,-1.24%,趋势: 高于MA20,5.37,5.57,1.07X
002242,九阳股份,2026-07-15,8.38,3.08%,趋势: 高于MA20 | 动量: 突破转强 (阳线上穿5/10),8.16,9.33,1.32X
000789,万年青,2026-07-15,4.04,2.80%,趋势: 高于MA20 | 动量: 突破转强 (阳线上穿5/10),3.94,4.45,1.41X
002117,东港股份,2026-07-31,8.11,2.92%,趋势: 高于MA20 | 动量: 突破转强 (阳线上穿5/10),7.82,8.74,1.09X
600559,老白干酒,2026-07-31,5.48,1.29%,动量: 突破转强 (阳线上穿5/10),7.72,10.90,1.21X
603028,赛福天,2026-07-31,6.36,3.08%,趋势: 高于MA20 | 动量: 突破转强 (阳线上穿5/10),6.25,7.45,1.12X
603811,诚意药业,2026-07-15,7.81,5.40%,量能: 放量 (2.05X) | 动量: 突破转强 (阳线上穿5/10),8.52,10.41,2.05X
002673,西部证券,2026-07-15,6.67,2.14%,趋势: 高于MA20 | 动量: 突破转强 (阳线上穿5/10),6.60,6.78,1.28X
000995,皇台酒业,2026-07-31,10.56,1.05%,趋势: 高于MA20 | 动量: 突破转强 (阳线上穿5/10),9.76,11.34,1.13X
603229,奥翔药业,2026-07-15,8.56,2.27%,趋势: 高于MA20 | 动量: 突破转强 (阳线上穿5/10),8.13,9.21,1.36X
002026,山东威达,2026-07-31,9.82,2.19%,动量: 突破转强 (阳线上穿5/10),9.97,11.47,1.10X
000802,北京文化,2026-07-15,3.7,3.93%,动量: 突破转强 (阳线上穿5/10),3.70,4.39,0.88X
600997,开滦股份,2026-07-15,5.32,2.70%,趋势: 高于MA20 | 动量: 突破转强 (阳线上穿5/10),5.04,5.41,1.12X
000403,派林生物,2026-07-15,9.77,5.39%,趋势: 高于MA20 | 动量: 突破转强 (阳线上穿5/10),9.45,11.19,1.44X
600706,曲江文旅,2026-07-15,7.02,2.93%,趋势: 高于MA20 | 动量: 突破转强 (阳线上穿5/10),6.99,8.16,0.94X
002349,精华制药,2026-07-31,6.73,6.15%,趋势: 高于MA20 | 动量: 突破转强 (阳线上穿5/10),6.44,6.66,1.16X
600802,福建水泥,2026-07-15,4.25,0.71%,动量: 突破转强 (阳线上穿5/10),4.28,4.99,0.83X
002209,达 意 隆,2026-07-31,10.52,0.48%,趋势: 高于MA20 | 动量: 突破转强 (阳线上穿5/10),10.20,11.53,0.74X
600483,福能股份,2026-07-15,10.95,2.24%,趋势: 高于MA20 | 动量: 突破转强 (阳线上穿5/10),10.76,10.80,0.91X
002403,爱仕达,2026-07-15,9.25,-1.39%,形态: 10日内有涨停,9.60,10.41,0.80X
603230,内蒙新华,2026-07-15,8.98,2.28%,动量: 突破转强 (阳线上穿5/10),8.99,9.88,1.22X
601186,中国铁建,2026-07-31,7.41,0.95%,趋势: 多头排列 (5>20>60) | 趋势: 高于MA20 | 动量: 突破转强 (阳线上穿5/10),6.81,6.51,1.22X
605399,晨光新材,2026-07-31,11.42,1.78%,动量: 突破转强 (阳线上穿5/10),11.67,13.33,1.29X
000919,金陵药业,2026-07-31,6.19,1.81%,趋势: 高于MA20 | 动量: 突破转强 (阳线上穿5/10),6.15,6.29,0.88X
002617,露笑科技,2026-07-15,6.69,-3.60%,"形态: 两连阴 (-9.95%, -8.68%)",9.08,8.78,0.64X
600820,隧道股份,2026-07-15,5.61,2.00%,趋势: 高于MA20 | 动量: 突破转强 (阳线上穿5/10),5.37,5.64,1.16X
603866,桃李面包,2026-07-15,4.14,4.02%,趋势: 高于MA20 | 动量: 突破转强 (阳线上穿5/10),3.87,4.47,1.24X
002400,省广集团,2026-07-15,5.92,2.25%,"形态: 两连阴 (-5.98%, -0.52%)",6.32,7.71,0.86X
600721,百花医药,2026-07-31,7.03,2.63%,"形态: 两连阴 (-0.14%, -2.97%) | 趋势: 高于MA20 | 动量: 突破转强 (阳线上穿5/10)",7.02,7.32,0.69X
603329,上海雅仕,2026-07-31,7.29,0.14%,动量: 突破转强 (阳线上穿5/10),8.16,9.65,0.81X
002798,帝欧水华,2026-07-15,5.07,0.20%,形态: 10日内有涨停,5.34,6.65,0.81X
601009,南京银行,2026-07-15,11.21,1.82%,趋势: 高于MA20 | 动量: 突破转强 (阳线上穿5/10),10.61,11.06,1.13X
600515,海南机场,2026-07-15,2.79,2.57%,趋势: 高于MA20 | 动量: 突破转强 (阳线上穿5/10),2.78,3.12,1.21X
000680,山推股份,2026-07-31,8.74,0.11%,动量: 突破转强 (阳线上穿5/10),9.26,10.36,0.99X
000759,中百集团,2026-07-15,6.87,1.78%,趋势: 多头排列 (5>20>60) | 量能: 放量 (1.55X) | 形态: 10日内有涨停 | 趋势: 高于MA20 | 动量: 突破转强 (阳线上穿5/10),6.36,5.81,1.55X
601007,金陵饭店,2026-07-31,7.91,0.38%,趋势: 多头排列 (5>20>60) | 趋势: 高于MA20 | 动量: 突破转强 (阳线上穿5/10),7.16,6.91,0.97X
002327,富安娜,2026-07-15,6.42,1.42%,趋势: 高于MA20 | 动量: 突破转强 (阳线上穿5/10),6.26,6.85,0.98X
002645,华宏科技,2026-07-31,6.75,2.74%,动量: 突破转强 (阳线上穿5/10),12.72,24.39,1.11X
002679,福建金森,2026-07-15,8.25,1.98%,趋势: 高于MA20 | 动量: 突破转强 (阳线上穿5/10),8.15,9.41,1.20X
603079,圣达生物,2026-07-15,11.55,2.03%,动量: 突破转强 (阳线上穿5/10),11.75,13.65,0.79X
600055,万东医疗,2026-07-15,10.78,1.60%,"形态: 两连阴 (-1.66%, -0.75%) | 趋势: 高于MA20 | 动量: 突破转强 (阳线上穿5/10)",10.72,12.50,0.91X
603318,水发燃气,2026-07-31,3.64,3.12%,动量: 突破转强 (阳线上穿5/10),5.39,8.40,0.87X
600995,南网储能,2026-07-31,12.06,0.42%,趋势: 高于MA20 | 动量: 突破转强 (阳线上穿5/10),11.91,13.29,0.69X
600858,银座股份,2026-07-15,4.76,1.71%,趋势: 高于MA20 | 动量: 突破转强 (阳线上穿5/10),4.58,5.10,1.11X
603815,交建股份,2026-07-15,6.57,-5.06%,形态: 10日内有涨停 | 趋势: 高于MA20,5.92,6.48,0.88X
002333,罗普斯金,2026-07-15,4.84,0.83%,趋势: 高于MA20,4.81,5.14,1.00X
600598,北大荒,2026-07-15,11.56,0.96%,"形态: 两连阴 (-1.09%, -2.88%)",11.77,14.17,0.88X
000728,国元证券,2026-07-15,7.46,2.19%,趋势: 高于MA20 | 动量: 突破转强 (阳线上穿5/10),7.44,7.29,1.17X
002708,光洋股份,2026-07-31,9.78,5.73%,动量: 突破转强 (阳线上穿5/10),10.30,13.13,1.29X
002598,山东章鼓,2026-07-15,6.73,1.36%,"形态: 两连阴 (-1.03%, -1.34%) | 趋势: 高于MA20",6.71,7.40,0.58X
002765,蓝黛科技,2026-07-15,6.65,-3.62%,"形态: 10日内有涨停 | 形态: 两连阴 (-5.56%, -0.86%)",7.38,8.56,1.31X
600674,川投能源,2026-07-15,15.62,2.09%,趋势: 高于MA20 | 动量: 突破转强 (阳线上穿5/10),14.50,14.96,1.12X
000592,平潭发展,2026-07-31,5.83,4.67%,趋势: 高于MA20 | 动量: 突破转强 (阳线上穿5/10),5.75,7.68,1.10X
002883,中设股份,2026-07-31,14.82,1.58%,趋势: 多头排列 (5>20>60) | 趋势: 高于MA20 | 动量: 突破转强 (阳线上穿5/10),12.25,10.26,0.75X
003003,天元股份,2026-07-31,10.02,1.83%,趋势: 高于MA20 | 动量: 突破转强 (阳线上穿5/10),9.88,11.21,0.96X
600818,中路股份,2026-07-15,5.7,1.06%,"形态: 两连阴 (-1.05%, -0.18%)",5.72,6.33,1.06X
600178,东安动力,2026-07-31,11.5,0.61%,趋势: 多头排列 (5>20>60) | 形态: 10日内有涨停 | 趋势: 高于MA20,10.48,9.95,0.67X
000890,法尔胜,2026-07-15,7.06,0.14%,形态: 10日内有涨停,7.95,11.01,0.69X
600648,外高桥,2026-07-31,9.45,-1.46%,趋势: 高于MA20,8.90,9.09,1.20X
600550,保变电气,2026-07-31,5.81,0.69%,形态: 10日内有涨停 | 动量: 突破转强 (阳线上穿5/10),7.59,11.44,1.02X
603966,法兰泰克,2026-07-31,6.52,0.15%,动量: 突破转强 (阳线上穿5/10),7.21,9.36,0.89X
002067,景兴纸业,2026-07-31,4.45,6.97%,量能: 放量 (1.72X) | 趋势: 高于MA20 | 动量: 突破转强 (阳线上穿5/10),4.07,4.39,1.72X
002863,今飞凯达,2026-07-15,4.36,1.63%,动量: 突破转强 (阳线上穿5/10),4.39,5.24,0.92X
002666,德联集团,2026-07-15,3.99,1.27%,动量: 突破转强 (阳线上穿5/10),4.02,4.58,0.88X
600773,西藏城投,2026-07-15,11.12,-1.85%,"形态: 两连阴 (-6.07%, -1.13%)",13.12,17.98,0.70X
600621,华鑫股份,2026-07-31,16.87,0.12%,趋势: 多头排列 (5>20>60) | 趋势: 高于MA20 | 动量: 突破转强 (阳线上穿5/10),14.79,13.81,0.89X
603727,博迈科,2026-07-15,15.84,1.86%,"形态: 两连阴 (-3.62%, -1.08%)",16.70,16.70,1.28X
000417,合百集团,2026-07-15,6.58,-3.66%,"形态: 10日内有涨停 | 形态: 两连阴 (-9.00%, -3.53%)",7.92,7.64,0.88X
600429,三元股份,2026-07-15,4.33,3.10%,趋势: 高于MA20 | 动量: 突破转强 (阳线上穿5/10),4.17,4.85,1.00X
600158,中体产业,2026-07-15,6.52,1.72%,动量: 突破转强 (阳线上穿5/10),6.84,9.70,0.95X
002986,宇新股份,2026-07-31,6.38,3.24%,动量: 突破转强 (阳线上穿5/10),8.52,11.02,1.47X
002674,兴业科技,2026-07-31,13.71,0.51%,形态: 10日内有涨停 | 动量: 突破转强 (阳线上穿5/10),19.40,18.34,0.99X
600023,浙能电力,2026-07-15,5.0,-8.59%,量能: 放量 (2.03X),5.42,5.81,2.03X
002541,鸿路钢构,2026-07-15,20.96,6.83%,趋势: 高于MA20 | 动量: 突破转强 (阳线上穿5/10),18.06,18.65,1.27X
002633,申科股份,2026-07-31,5.64,1.99%,动量: 突破转强 (阳线上穿5/10),9.12,14.73,1.04X
002749,国光股份,2026-07-15,8.24,1.10%,趋势: 高于MA20 | 动量: 突破转强 (阳线上穿5/10),8.07,9.93,1.13X
002923,润都股份,2026-07-31,14.76,0.27%,趋势: 多头排列 (5>20>60) | 趋势: 高于MA20 | 动量: 突破转强 (阳线上穿5/10),12.97,11.55,1.00X
600353,旭光电子,2026-07-15,37.15,-10.00%,形态: 10日内有涨停,43.30,29.08,0.90X
600615,鑫源智造,2026-07-31,6.03,2.03%,动量: 突破转强 (阳线上穿5/10),7.12,9.32,0.87X
002661,克明食品,2026-07-15,7.37,0.55%,量能: 放量 (1.55X) | 趋势: 高于MA20 | 动量: 突破转强 (阳线上穿5/10),7.23,7.95,1.55X
600295,鄂尔多斯,2026-07-15,12.51,3.39%,趋势: 高于MA20 | 动量: 突破转强 (阳线上穿5/10),11.63,13.47,1.26X
001965,招商公路,2026-07-31,18.37,0.38%,趋势: 多头排列 (5>20>60) | 趋势: 高于MA20 | 动量: 突破转强 (阳线上穿5/10),14.78,11.43,1.09X
603112,华翔股份,2026-07-15,15.02,-2.02%,"形态: 两连阴 (-2.94%, -1.10%)",16.74,19.64,1.11X
603466,风语筑,2026-07-31,13.76,-1.64%,趋势: 多头排列 (5>20>60) | 趋势: 高于MA20,12.50,11.34,0.91X
002492,恒基达鑫,2026-07-31,5.23,1.16%,"形态: 两连阴 (-1.31%, -2.08%) | 趋势: 高于MA20",5.18,5.97,0.56X
002043,兔 宝 宝,2026-07-15,11.39,3.83%,动量: 突破转强 (阳线上穿5/10),11.42,12.93,1.27X
603237,五芳斋,2026-07-15,13.54,3.20%,趋势: 高于MA20 | 动量: 突破转强 (阳线上穿5/10),12.96,15.10,1.02X
002129,TCL中环,2026-07-15,9.69,-3.87%,"形态: 10日内有涨停 | 形态: 两连阴 (-1.59%, -3.91%)",10.64,9.78,0.77X
601002,晋亿实业,2026-07-15,4.99,0.00%,形态: 10日内有涨停 | 趋势: 高于MA20,4.54,5.24,1.29X
002651,利君股份,2026-07-31,7.81,0.13%,趋势: 高于MA20 | 动量: 突破转强 (阳线上穿5/10),7.39,8.02,0.89X
000913,钱江摩托,2026-07-15,10.96,4.08%,趋势: 高于MA20 | 动量: 突破转强 (阳线上穿5/10),10.65,11.97,1.45X
002105,信隆健康,2026-07-15,5.21,2.76%,量能: 放量 (1.55X) | 趋势: 高于MA20 | 动量: 突破转强 (阳线上穿5/10),5.09,5.86,1.55X
603277,银都股份,2026-07-15,10.39,2.57%,趋势: 高于MA20,10.28,11.78,1.24X
002264,新 华 都,2026-07-31,6.54,4.98%,趋势: 高于MA20 | 动量: 突破转强 (阳线上穿5/10),6.06,6.51,1.29X
002795,永和智控,2026-07-31,6.04,2.55%,形态: 10日内有涨停 | 趋势: 高于MA20 | 动量: 突破转强 (阳线上穿5/10),5.88,7.35,0.80X
603719,良品铺子,2026-07-15,9.18,0.66%,趋势: 高于MA20 | 动量: 突破转强 (阳线上穿5/10),8.96,9.92,1.50X
603378,亚士创能,2026-07-31,9.6,9.97%,趋势: 多头排列 (5>20>60) | 量能: 放量 (1.72X) | 形态: 10日内有涨停 | 趋势: 高于MA20 | 动量: 突破转强 (阳线上穿5/10),7.19,5.92,1.72X
600215,派斯林,2026-07-31,6.05,3.77%,趋势: 高于MA20 | 动量: 突破转强 (阳线上穿5/10),5.78,6.26,1.07X
002212,天融信,2026-07-15,5.49,-0.90%,"形态: 两连阴 (-2.77%, -1.42%)",5.79,6.66,0.98X
600143,金发科技,2026-07-15,14.29,-0.14%,"形态: 10日内有涨停 | 形态: 两连阴 (-3.22%, -2.79%)",15.61,16.50,0.67X
603181,皇马科技,2026-07-31,13.43,-0.74%,趋势: 高于MA20,13.40,14.52,1.08X
603505,金石资源,2026-07-15,15.98,-1.18%,形态: 10日内有涨停,19.32,19.14,0.61X
603717,天域生物,2026-07-15,6.25,-0.64%,形态: 10日内有涨停,6.34,6.75,0.83X
600226,亨通股份,2026-07-31,5.0,2.46%,"形态: 两连阴 (-4.08%, -5.61%)",6.63,7.25,1.15X
002612,朗姿股份,2026-07-15,11.71,4.37%,趋势: 高于MA20 | 动量: 突破转强 (阳线上穿5/10),11.49,13.86,1.47X
603817,海峡环保,2026-07-15,5.61,1.08%,趋势: 高于MA20 | 动量: 突破转强 (阳线上穿5/10),5.42,6.27,1.18X
603095,越剑智能,2026-07-31,12.08,2.20%,动量: 突破转强 (阳线上穿5/10),12.44,16.88,0.92X
603333,尚纬股份,2026-07-15,7.98,1.66%,趋势: 高于MA20,7.93,8.42,1.00X
000712,锦龙股份,2026-07-15,8.37,1.21%,"形态: 两连阴 (-3.27%, -0.12%)",8.88,9.80,0.92X
600583,海油工程,2026-07-31,12.43,0.16%,趋势: 多头排列 (5>20>60) | 趋势: 高于MA20 | 动量: 突破转强 (阳线上穿5/10),9.32,6.89,1.12X
002413,雷科防务,2026-07-31,7.91,2.33%,动量: 突破转强 (阳线上穿5/10),8.19,10.00,1.08X
002234,民和股份,2026-07-31,8.43,1.20%,趋势: 多头排列 (5>20>60) | 趋势: 高于MA20 | 动量: 突破转强 (阳线上穿5/10),7.70,7.49,0.97X
000739,普洛药业,2026-07-15,20.47,7.23%,趋势: 多头排列 (5>20>60) | 量能: 放量 (2.25X) | 趋势: 高于MA20 | 动量: 突破转强 (阳线上穿5/10),17.49,17.27,2.25X
000676,智度股份,2026-07-15,5.65,9.92%,形态: 10日内有涨停 | 趋势: 高于MA20 | 动量: 突破转强 (阳线上穿5/10),5.29,6.21,1.28X
002692,远程股份,2026-07-31,5.46,1.49%,趋势: 多头排列 (5>20>60) | 趋势: 高于MA20 | 动量: 突破转强 (阳线上穿5/10),4.71,4.63,0.89X
002574,明牌珠宝,2026-07-31,13.22,1.69%,趋势: 多头排列 (5>20>60) | 趋势: 高于MA20 | 动量: 突破转强 (阳线上穿5/10),9.60,6.48,1.00X
002860,星帅尔,2026-07-15,16.53,-0.06%,趋势: 多头排列 (5>20>60) | 形态: 10日内有涨停 | 趋势: 高于MA20,15.24,14.00,0.89X
600099,林海股份,2026-07-15,8.35,1.33%,趋势: 高于MA20 | 动量: 突破转强 (阳线上穿5/10),8.34,9.98,0.85X
000550,江铃汽车,2026-07-15,16.3,1.81%,"形态: 两连阴 (-0.43%, -1.23%)",16.61,17.56,1.02X
600640,国脉文化,2026-07-15,10.22,1.49%,趋势: 高于MA20 | 动量: 突破转强 (阳线上穿5/10),10.16,11.48,0.82X
000678,襄阳轴承,2026-07-31,8.45,4.19%,趋势: 高于MA20 | 动量: 突破转强 (阳线上穿5/10),8.09,10.09,1.40X
002780,三夫户外,2026-07-15,13.21,4.26%,量能: 放量 (1.56X) | 趋势: 高于MA20 | 动量: 突破转强 (阳线上穿5/10),12.72,14.25,1.56X
600359,新农开发,2026-07-15,5.91,0.51%,趋势: 高于MA20 | 动量: 突破转强 (阳线上穿5/10),5.72,6.50,1.28X
600318,新力金融,2026-07-15,6.09,2.18%,动量: 突破转强 (阳线上穿5/10),6.20,6.89,0.88X
600018,上港集团,2026-07-15,5.24,0.96%,趋势: 高于MA20 | 动量: 突破转强 (阳线上穿5/10),4.95,5.00,0.98X
601279,英利汽车,2026-07-15,3.11,1.63%,趋势: 高于MA20 | 动量: 突破转强 (阳线上穿5/10),3.10,3.52,0.87X
000798,中水渔业,2026-07-31,7.95,1.02%,趋势: 高于MA20 | 动量: 突破转强 (阳线上穿5/10),7.57,7.96,1.01X
002099,海翔药业,2026-07-15,5.27,0.19%,量能: 放量 (1.59X) | 趋势: 高于MA20,5.26,5.76,1.59X
002228,合兴包装,2026-07-31,3.09,1.64%,趋势: 高于MA20 | 动量: 突破转强 (阳线上穿5/10),3.01,3.25,1.00X
603520,司太立,2026-07-15,9.76,6.09%,"形态: 两连阴 (-2.80%, -1.81%) | 动量: 突破转强 (阳线上穿5/10)",9.93,10.76,1.40X
002644,佛慈制药,2026-07-15,7.86,2.21%,趋势: 高于MA20 | 动量: 突破转强 (阳线上穿5/10),7.30,7.69,1.48X
603029,天鹅股份,2026-07-15,14.4,1.48%,动量: 突破转强 (阳线上穿5/10),14.56,16.90,0.99X
603533,掌阅科技,2026-07-15,18.61,3.05%,"形态: 两连阴 (-5.02%, -1.63%)",19.89,23.20,0.77X
002748,世龙实业,2026-07-15,11.13,2.39%,趋势: 高于MA20,10.98,11.55,0.88X
002292,奥飞娱乐,2026-07-15,7.95,6.28%,"形态: 10日内有涨停 | 形态: 两连阴 (-1.16%, -2.22%) | 趋势: 高于MA20 | 动量: 突破转强 (阳线上穿5/10)",7.05,7.50,1.08X
600050,中国联通,2026-07-15,4.27,1.43%,趋势: 高于MA20 | 动量: 突破转强 (阳线上穿5/10),4.15,4.39,0.88X
600992,贵绳股份,2026-07-31,13.02,2.12%,趋势: 多头排列 (5>20>60) | 趋势: 高于MA20 | 动量: 突破转强 (阳线上穿5/10),11.47,11.24,0.90X
002238,天威视讯,2026-07-31,8.61,-1.15%,趋势: 多头排列 (5>20>60) | 趋势: 高于MA20,7.27,6.70,0.91X
000917,电广传媒,2026-07-31,8.79,3.29%,趋势: 多头排列 (5>20>60) | 趋势: 高于MA20 | 动量: 突破转强 (阳线上穿5/10),7.63,7.62,1.47X
002606,大连电瓷,2026-07-15,13.32,-2.77%,形态: 10日内有涨停,13.51,14.44,0.91X
600039,四川路桥,2026-07-15,8.42,-0.24%,趋势: 高于MA20,8.27,8.46,1.00X
601101,昊华能源,2026-07-15,12.02,1.61%,形态: 10日内有涨停 | 趋势: 高于MA20 | 动量: 突破转强 (阳线上穿5/10),11.34,11.25,1.06X
603922,金鸿顺,2026-07-15,12.75,0.39%,动量: 突破转强 (阳线上穿5/10),13.79,16.06,1.01X
600380,健康元,2026-07-15,10.52,2.53%,趋势: 高于MA20 | 动量: 突破转强 (阳线上穿5/10),9.90,10.24,1.44X
603598,引力传媒,2026-07-15,15.76,1.35%,"形态: 两连阴 (-5.41%, -1.21%)",17.33,20.40,0.77X
002106,莱宝高科,2026-07-31,6.89,0.44%,动量: 突破转强 (阳线上穿5/10),8.63,11.54,0.94X
000016,深康佳Ａ,2026-07-15,2.6,10.17%,形态: 10日内有涨停 | 趋势: 高于MA20 | 动量: 突破转强 (阳线上穿5/10),2.48,2.97,0.87X
000498,山东路桥,2026-07-15,5.07,2.01%,趋势: 高于MA20 | 动量: 突破转强 (阳线上穿5/10),4.91,5.24,1.16X
002030,达安基因,2026-07-31,6.3,0.16%,趋势: 高于MA20 | 动量: 突破转强 (阳线上穿5/10),5.67,5.90,1.12X
000708,中信特钢,2026-07-31,11.79,0.17%,动量: 突破转强 (阳线上穿5/10),12.13,13.34,0.63X
000572,海马汽车,2026-07-15,3.54,1.14%,形态: 10日内有涨停,3.75,4.58,0.83X
600742,富维股份,2026-07-15,7.29,1.39%,动量: 突破转强 (阳线上穿5/10),7.35,8.32,0.80X
603977,国泰集团,2026-07-15,11.52,-1.96%,"形态: 两连阴 (-7.40%, -1.09%)",14.04,14.17,0.60X
600846,同济科技,2026-07-15,11.25,-1.06%,趋势: 高于MA20,10.42,11.46,0.84X
002202,金风科技,2026-07-31,18.39,2.11%,动量: 突破转强 (阳线上穿5/10),19.12,22.25,1.16X
601865,福莱特,2026-07-31,16.25,-0.85%,趋势: 多头排列 (5>20>60) | 趋势: 高于MA20,13.51,12.20,1.32X
603587,地素时尚,2026-07-31,11.64,-0.26%,趋势: 高于MA20,11.62,12.10,1.05X
001239,永达股份,2026-07-31,4.48,0.90%,动量: 突破转强 (阳线上穿5/10),7.64,11.95,1.02X
600973,宝胜股份,2026-07-15,5.68,0.71%,"形态: 两连阴 (-7.50%, -2.76%)",6.50,7.26,0.80X
002038,双鹭药业,2026-07-15,6.69,-5.11%,形态: 10日内有涨停 | 趋势: 高于MA20,5.96,6.15,1.32X
002706,良信股份,2026-07-31,9.02,2.50%,量能: 放量 (1.57X) | 动量: 突破转强 (阳线上穿5/10),9.41,11.38,1.57X
002969,嘉美包装,2026-07-31,12.41,4.90%,形态: 10日内有涨停 | 趋势: 高于MA20 | 动量: 突破转强 (阳线上穿5/10),11.89,15.75,1.33X
600203,福日电子,2026-07-15,10.84,-9.97%,"形态: 两连阴 (-4.48%, -0.91%)",12.39,12.46,1.00X
002201,九鼎新材,2026-07-31,7.67,2.13%,动量: 突破转强 (阳线上穿5/10),7.95,10.56,1.06X
605136,丽人丽妆,2026-07-15,7.52,2.31%,趋势: 高于MA20 | 动量: 突破转强 (阳线上穿5/10),7.39,9.10,1.02X
001914,招商积余,2026-07-15,8.94,3.95%,趋势: 高于MA20 | 动量: 突破转强 (阳线上穿5/10),8.55,9.47,1.43X
002111,威海广泰,2026-07-15,9.45,2.61%,趋势: 高于MA20 | 动量: 突破转强 (阳线上穿5/10),9.18,10.04,1.28X
000810,创维数字,2026-07-15,10.53,0.10%,"形态: 10日内有涨停 | 形态: 两连阴 (-9.97%, -9.00%)",12.21,12.09,0.86X
603191,望变电气,2026-07-31,14.56,1.25%,趋势: 高于MA20,14.51,17.46,0.81X
601990,南京证券,2026-07-15,6.9,3.29%,量能: 放量 (1.69X) | 趋势: 高于MA20 | 动量: 突破转强 (阳线上穿5/10),6.70,6.89,1.69X
600746,江苏索普,2026-07-15,6.31,9.93%,量能: 放量 (2.53X) | 形态: 10日内有涨停 | 趋势: 高于MA20 | 动量: 突破转强 (阳线上穿5/10),5.50,6.73,2.53X
603639,海利尔,2026-07-15,10.65,1.24%,趋势: 高于MA20 | 动量: 突破转强 (阳线上穿5/10),10.36,11.36,0.97X
002023,海特高新,2026-07-31,9.35,2.86%,动量: 突破转强 (阳线上穿5/10),9.84,11.57,1.19X
603178,圣龙股份,2026-07-15,14.31,-3.96%,"形态: 10日内有涨停 | 形态: 两连阴 (-10.01%, -1.32%)",15.42,17.67,0.62X
603506,南都物业,2026-07-15,9.82,0.31%,动量: 突破转强 (阳线上穿5/10),9.83,11.39,0.80X
600814,杭州解百,2026-07-15,6.57,1.86%,趋势: 高于MA20 | 动量: 突破转强 (阳线上穿5/10),6.40,7.03,1.33X
601311,骆驼股份,2026-07-15,7.86,1.81%,趋势: 高于MA20 | 动量: 突破转强 (阳线上穿5/10),7.86,8.80,1.20X
000035,中国天楹,2026-07-15,4.6,1.77%,动量: 突破转强 (阳线上穿5/10),4.80,5.70,0.77X
601288,农业银行,2026-07-15,6.37,0.00%,趋势: 高于MA20,6.23,6.54,0.89X
600138,中青旅,2026-07-15,7.11,2.75%,趋势: 高于MA20 | 动量: 突破转强 (阳线上穿5/10),6.83,7.83,1.28X
001219,青岛食品,2026-07-31,8.48,1.19%,动量: 突破转强 (阳线上穿5/10),9.85,12.10,1.16X
603703,盛洋科技,2026-07-31,8.55,1.30%,动量: 突破转强 (阳线上穿5/10),8.93,11.42,0.91X
601059,信达证券,2026-07-15,17.23,4.30%,量能: 放量 (1.84X) | 趋势: 高于MA20 | 动量: 突破转强 (阳线上穿5/10),16.34,16.55,1.84X
002171,楚江新材,2026-07-31,9.28,1.64%,动量: 突破转强 (阳线上穿5/10),10.15,12.02,1.19X
002010,传化智联,2026-07-15,4.63,2.21%,动量: 突破转强 (阳线上穿5/10),4.67,5.19,0.93X
000096,广聚能源,2026-07-31,11.26,1.26%,趋势: 多头排列 (5>20>60) | 趋势: 高于MA20 | 动量: 突破转强 (阳线上穿5/10),9.68,8.64,0.87X
002828,贝肯能源,2026-07-15,12.19,-1.61%,"趋势: 多头排列 (5>20>60) | 形态: 10日内有涨停 | 形态: 两连阴 (-3.49%, -4.77%) | 趋势: 高于MA20",11.05,10.74,0.86X
002531,天顺风能,2026-07-15,6.86,-9.97%,量能: 放量 (1.54X),8.25,10.27,1.54X
002055,得润电子,2026-07-15,6.38,-3.33%,趋势: 多头排列 (5>20>60),6.46,6.44,0.82X
603668,天马科技,2026-07-31,10.95,1.01%,动量: 突破转强 (阳线上穿5/10),11.19,11.69,1.07X
603187,海容冷链,2026-07-15,12.5,3.14%,量能: 放量 (1.69X) | 趋势: 高于MA20 | 动量: 突破转强 (阳线上穿5/10),11.93,13.08,1.69X
600643,爱建集团,2026-07-31,4.11,1.99%,趋势: 高于MA20 | 动量: 突破转强 (阳线上穿5/10),3.89,4.15,1.21X
000978,桂林旅游,2026-07-15,5.52,2.99%,趋势: 高于MA20 | 动量: 突破转强 (阳线上穿5/10),5.42,6.22,1.16X
002583,海能达,2026-07-31,8.23,1.86%,趋势: 高于MA20 | 动量: 突破转强 (阳线上穿5/10),7.96,8.56,1.04X
603071,物产环能,2026-07-15,11.84,0.59%,趋势: 高于MA20 | 动量: 突破转强 (阳线上穿5/10),11.61,13.01,1.18X
002519,银河电子,2026-07-31,5.21,2.56%,趋势: 高于MA20 | 动量: 突破转强 (阳线上穿5/10),5.18,6.28,0.91X
002465,海格通信,2026-07-15,10.72,-4.96%,"形态: 两连阴 (-10.01%, -7.69%)",12.58,14.77,0.80X
603917,合力科技,2026-07-15,12.36,-1.59%,"形态: 两连阴 (-3.01%, -0.16%)",12.43,12.53,0.91X
600100,同方股份,2026-07-31,7.11,2.45%,趋势: 高于MA20 | 动量: 突破转强 (阳线上穿5/10),6.81,7.40,1.25X
002774,快意电梯,2026-07-15,16.37,1.11%,趋势: 多头排列 (5>20>60) | 形态: 10日内有涨停 | 趋势: 高于MA20 | 动量: 突破转强 (阳线上穿5/10),14.31,12.81,1.20X
600272,开开实业,2026-07-15,11.41,0.97%,趋势: 高于MA20 | 动量: 突破转强 (阳线上穿5/10),10.72,11.49,1.40X
600960,渤海汽车,2026-07-31,3.92,1.82%,趋势: 高于MA20 | 动量: 突破转强 (阳线上穿5/10),3.76,4.17,0.77X
600119,长江投资,2026-07-31,14.56,2.10%,"趋势: 多头排列 (5>20>60) | 形态: 两连阴 (-2.07%, -2.99%) | 趋势: 高于MA20",10.50,7.06,1.07X
000525,红太阳,2026-07-15,4.15,3.75%,趋势: 高于MA20 | 动量: 突破转强 (阳线上穿5/10),4.08,4.77,1.12X
000803,山高环能,2026-07-31,6.69,1.98%,形态: 10日内有涨停 | 趋势: 高于MA20 | 动量: 突破转强 (阳线上穿5/10),6.52,7.29,1.07X
002556,辉隆股份,2026-07-15,4.75,1.93%,趋势: 高于MA20 | 动量: 突破转强 (阳线上穿5/10),4.67,5.70,1.09X
000544,中原环保,2026-07-15,7.41,1.93%,趋势: 高于MA20 | 动量: 突破转强 (阳线上穿5/10),7.25,7.84,0.92X
002930,宏川智慧,2026-07-31,10.08,0.90%,趋势: 高于MA20 | 动量: 突破转强 (阳线上穿5/10),9.27,10.81,1.02X
002187,广百股份,2026-07-15,4.94,2.28%,趋势: 高于MA20 | 动量: 突破转强 (阳线上穿5/10),4.84,5.48,1.24X
002181,粤 传 媒,2026-07-15,8.5,1.07%,"形态: 两连阴 (-6.59%, -1.06%)",9.67,14.08,0.99X
600351,亚宝药业,2026-07-15,6.72,2.75%,量能: 放量 (1.55X) | 趋势: 高于MA20 | 动量: 突破转强 (阳线上穿5/10),6.11,6.37,1.55X
000528,柳    工,2026-07-15,8.24,3.26%,趋势: 高于MA20 | 动量: 突破转强 (阳线上穿5/10),7.94,8.81,1.21X
605368,蓝天燃气,2026-07-15,6.73,1.20%,趋势: 高于MA20 | 动量: 突破转强 (阳线上穿5/10),6.43,7.10,0.85X
002705,新宝股份,2026-07-15,11.38,0.00%,量能: 放量 (1.61X) | 趋势: 高于MA20,11.28,13.17,1.61X
000779,甘咨询,2026-07-15,11.18,5.37%,趋势: 多头排列 (5>20>60) | 趋势: 高于MA20 | 动量: 突破转强 (阳线上穿5/10),8.69,8.30,0.90X
600508,上海能源,2026-07-15,8.53,-0.12%,趋势: 高于MA20,8.01,11.68,1.06X
000755,山西高速,2026-07-15,4.67,0.00%,趋势: 高于MA20,4.51,4.88,0.81X
000701,厦门信达,2026-07-15,4.75,-1.04%,趋势: 高于MA20,4.64,5.38,1.47X
601968,宝钢包装,2026-07-15,4.45,1.37%,趋势: 高于MA20 | 动量: 突破转强 (阳线上穿5/10),4.13,4.59,1.00X
603429,集友股份,2026-07-15,8.13,10.01%,形态: 10日内有涨停 | 动量: 突破转强 (阳线上穿5/10),8.71,9.28,1.23X
605577,龙版传媒,2026-07-31,4.47,2.29%,动量: 突破转强 (阳线上穿5/10),6.21,8.88,0.94X
600302,标准股份,2026-07-15,7.08,0.14%,"形态: 两连阴 (-3.44%, -10.05%)",8.19,9.36,1.06X
000301,东方盛虹,2026-07-15,11.61,-5.07%,形态: 10日内有涨停,12.08,12.34,0.90X
002137,实益达,2026-07-15,8.77,-9.96%,"形态: 10日内有涨停 | 形态: 两连阴 (-9.98%, -9.98%)",10.75,9.55,0.99X
603085,天成自控,2026-07-31,9.36,2.52%,动量: 突破转强 (阳线上穿5/10),9.93,11.75,1.08X
002512,达华智能,2026-07-31,3.71,0.54%,量能: 放量 (1.59X) | 形态: 10日内有涨停 | 趋势: 高于MA20 | 动量: 突破转强 (阳线上穿5/10),3.35,3.99,1.59X
603153,上海建科,2026-07-31,6.46,2.22%,动量: 突破转强 (阳线上穿5/10),8.91,12.48,1.01X
002515,金字火腿,2026-07-15,8.51,7.59%,"形态: 两连阴 (-4.65%, -1.12%)",9.56,7.83,1.35X
000582,北部湾港,2026-07-31,12.41,-0.80%,趋势: 高于MA20,11.52,11.99,1.04X
603209,兴通股份,2026-07-15,13.61,-0.37%,趋势: 高于MA20,13.20,13.96,0.89X
603599,广信股份,2026-07-15,10.0,4.06%,动量: 突破转强 (阳线上穿5/10),10.01,11.54,1.34X
600805,悦达投资,2026-07-15,4.31,0.70%,趋势: 高于MA20 | 动量: 突破转强 (阳线上穿5/10),4.25,4.70,1.05X
002357,富临运业,2026-07-15,9.51,2.81%,形态: 10日内有涨停 | 趋势: 高于MA20 | 动量: 突破转强 (阳线上穿5/10),9.24,10.37,1.27X
002383,合众思壮,2026-07-31,6.84,2.09%,趋势: 高于MA20 | 动量: 突破转强 (阳线上穿5/10),6.64,7.46,0.97X
603081,大丰实业,2026-07-31,9.3,1.09%,趋势: 高于MA20 | 动量: 突破转强 (阳线上穿5/10),8.83,9.83,1.05X
002755,奥赛康,2026-07-15,14.47,-0.82%,量能: 放量 (1.78X) | 趋势: 高于MA20,13.89,14.87,1.78X
002116,中国海诚,2026-07-31,6.96,1.90%,趋势: 高于MA20 | 动量: 突破转强 (阳线上穿5/10),6.75,8.01,1.05X
603823,百合花,2026-07-31,46.8,-6.04%,"量能: 放量 (2.69X) | 形态: 10日内有涨停 | 形态: 两连阴 (-10.00%, -9.99%)",67.67,46.36,2.69X
002427,尤夫股份,2026-07-15,4.14,2.22%,形态: 10日内有涨停,4.59,5.05,0.72X
603311,金海高科,2026-07-15,28.29,0.14%,"形态: 两连阴 (-7.91%, -0.11%)",33.18,29.50,0.82X
603677,奇精机械,2026-07-15,14.0,0.72%,形态: 10日内有涨停 | 趋势: 高于MA20 | 动量: 突破转强 (阳线上穿5/10),13.27,15.21,1.48X
600841,动力新科,2026-07-15,5.99,-1.80%,形态: 10日内有涨停,6.36,7.47,1.04X
600528,中铁工业,2026-07-31,15.36,7.49%,趋势: 多头排列 (5>20>60) | 趋势: 高于MA20 | 动量: 突破转强 (阳线上穿5/10),11.64,8.73,0.90X
600168,武汉控股,2026-07-15,4.29,0.70%,趋势: 高于MA20 | 动量: 突破转强 (阳线上穿5/10),4.20,4.61,0.81X
000906,浙商中拓,2026-07-31,4.12,-1.67%,量能: 放量 (2.50X) | 形态: 10日内有涨停,4.32,5.39,2.50X
002442,龙星科技,2026-07-31,8.25,0.61%,趋势: 多头排列 (5>20>60) | 趋势: 高于MA20 | 动量: 突破转强 (阳线上穿5/10),6.79,6.17,0.95X
600602,云赛智联,2026-07-15,16.6,0.91%,形态: 10日内有涨停,16.68,19.45,0.61X
000514,渝 开 发,2026-07-31,9.35,2.75%,趋势: 多头排列 (5>20>60) | 形态: 10日内有涨停 | 趋势: 高于MA20,7.19,5.27,0.71X
600682,南京新百,2026-07-15,5.61,2.94%,趋势: 高于MA20 | 动量: 突破转强 (阳线上穿5/10),5.50,6.00,1.34X
002769,普路通,2026-07-15,6.53,2.19%,动量: 突破转强 (阳线上穿5/10),6.73,8.18,1.18X
000811,冰轮环境,2026-07-15,50.35,-3.17%,趋势: 多头排列 (5>20>60) | 形态: 10日内有涨停 | 趋势: 高于MA20,50.12,36.01,0.95X
603636,南威软件,2026-07-31,7.24,0.98%,趋势: 高于MA20 | 动量: 突破转强 (阳线上穿5/10),7.16,8.81,0.88X
600131,国网信通,2026-07-15,14.4,1.48%,"形态: 两连阴 (-2.33%, -0.49%) | 动量: 突破转强 (阳线上穿5/10)",14.70,16.41,0.82X
002446,盛路通信,2026-07-31,7.55,2.30%,动量: 突破转强 (阳线上穿5/10),8.47,9.93,0.99X
001330,博纳影业,2026-07-15,4.88,2.09%,"形态: 两连阴 (-9.77%, -0.42%)",5.75,7.54,0.98X
603648,畅联股份,2026-07-15,9.44,-2.18%,趋势: 高于MA20,9.04,9.52,0.79X
000928,中钢国际,2026-07-15,5.0,2.67%,动量: 突破转强 (阳线上穿5/10),5.14,5.93,1.27X
600493,凤竹纺织,2026-07-15,5.91,1.03%,趋势: 高于MA20 | 动量: 突破转强 (阳线上穿5/10),5.68,6.66,0.92X
002186,全 聚 德,2026-07-31,5.73,4.18%,"形态: 两连阴 (-0.88%, -2.48%) | 动量: 突破转强 (阳线上穿5/10)",6.76,8.53,0.79X
002918,蒙娜丽莎,2026-07-15,9.35,5.65%,量能: 放量 (1.56X),10.10,11.98,1.56X
600428,中远海特,2026-07-15,10.57,-0.09%,趋势: 多头排列 (5>20>60) | 形态: 10日内有涨停 | 趋势: 高于MA20,8.57,8.32,0.99X
600195,中牧股份,2026-07-15,6.52,4.32%,量能: 放量 (1.94X) | 趋势: 高于MA20 | 动量: 突破转强 (阳线上穿5/10),6.17,6.79,1.94X
000719,中原传媒,2026-07-15,11.97,4.27%,趋势: 高于MA20 | 动量: 突破转强 (阳线上穿5/10),11.57,12.86,1.05X
000695,滨海能源,2026-07-31,12.62,-0.94%,趋势: 高于MA20,12.48,13.61,0.97X
600838,上海九百,2026-07-15,7.21,2.71%,动量: 突破转强 (阳线上穿5/10),7.27,8.32,1.06X
600510,黑牡丹,2026-07-31,6.3,0.80%,动量: 突破转强 (阳线上穿5/10),6.31,7.71,0.92X
603888,新华网,2026-07-15,17.3,2.06%,动量: 突破转强 (阳线上穿5/10),17.55,18.90,0.93X
002399,海普瑞,2026-07-15,10.11,2.54%,趋势: 高于MA20 | 动量: 突破转强 (阳线上穿5/10),9.31,9.93,1.43X
000589,贵州轮胎,2026-07-15,4.4,1.38%,趋势: 高于MA20 | 动量: 突破转强 (阳线上穿5/10),4.25,4.66,1.16X
002452,长高电新,2026-07-15,10.51,-1.87%,"形态: 两连阴 (-3.85%, -0.37%)",11.93,11.52,0.60X
603712,七一二,2026-07-31,11.84,2.96%,趋势: 高于MA20 | 动量: 突破转强 (阳线上穿5/10),11.56,13.41,1.10X
601933,永辉超市,2026-07-15,3.2,3.23%,趋势: 高于MA20 | 动量: 突破转强 (阳线上穿5/10),3.06,3.44,1.46X
603577,汇金通,2026-07-31,11.37,3.46%,趋势: 多头排列 (5>20>60) | 形态: 10日内有涨停 | 趋势: 高于MA20 | 动量: 突破转强 (阳线上穿5/10),10.34,10.24,0.53X
002786,银宝山新,2026-07-31,13.37,2.69%,趋势: 多头排列 (5>20>60) | 趋势: 高于MA20 | 动量: 突破转强 (阳线上穿5/10),10.82,9.14,1.15X
603138,海量数据,2026-07-15,12.7,-0.55%,"形态: 两连阴 (-5.53%, -0.31%)",14.09,16.94,0.90X
002283,天润工业,2026-07-15,8.47,-1.51%,形态: 10日内有涨停,9.72,10.72,0.76X
603488,展鹏科技,2026-07-31,4.95,2.70%,动量: 突破转强 (阳线上穿5/10),6.35,9.83,1.24X
600967,内蒙一机,2026-07-31,7.22,2.70%,动量: 突破转强 (阳线上穿5/10),8.48,11.14,1.26X
000529,广弘控股,2026-07-15,4.79,1.70%,趋势: 高于MA20 | 动量: 突破转强 (阳线上穿5/10),4.56,5.05,0.86X
601677,明泰铝业,2026-07-15,16.2,1.31%,趋势: 高于MA20 | 动量: 突破转强 (阳线上穿5/10),16.14,17.41,0.94X
603309,维力医疗,2026-07-15,12.36,1.81%,趋势: 高于MA20 | 动量: 突破转强 (阳线上穿5/10),11.69,12.60,1.32X
002875,安奈儿,2026-07-15,12.64,-0.47%,"形态: 两连阴 (-2.44%, -3.86%)",14.75,19.46,0.64X
002811,郑中设计,2026-07-31,10.11,5.42%,动量: 突破转强 (阳线上穿5/10),10.14,11.52,1.29X
002139,拓邦股份,2026-07-15,9.82,0.41%,趋势: 高于MA20,9.71,10.51,0.85X
002387,维信诺,2026-07-15,6.7,-9.95%,"形态: 两连阴 (-5.82%, -2.23%)",8.27,8.31,1.38X
000020,深华发Ａ,2026-07-31,19.86,2.11%,"趋势: 多头排列 (5>20>60) | 形态: 两连阴 (-1.22%, -3.76%) | 趋势: 高于MA20",16.55,13.76,1.00X
601598,中国外运,2026-07-15,5.52,1.28%,趋势: 高于MA20 | 动量: 突破转强 (阳线上穿5/10),5.36,5.98,0.94X
002235,安妮股份,2026-07-31,8.03,10.00%,"形态: 10日内有涨停 | 形态: 两连阴 (-2.34%, -2.67%) | 动量: 突破转强 (阳线上穿5/10)",8.19,9.35,1.22X
600635,大众公用,2026-07-15,4.4,1.38%,趋势: 高于MA20 | 动量: 突破转强 (阳线上穿5/10),4.39,4.99,0.94X
000636,风华高科,2026-07-15,54.5,-8.26%,形态: 10日内有涨停,67.62,48.89,1.18X
000703,恒逸石化,2026-07-31,16.09,0.25%,趋势: 多头排列 (5>20>60) | 趋势: 高于MA20 | 动量: 突破转强 (阳线上穿5/10),14.80,14.21,0.99X
603368,柳药集团,2026-07-15,15.92,1.53%,量能: 放量 (1.63X) | 趋势: 高于MA20 | 动量: 突破转强 (阳线上穿5/10),15.33,16.09,1.63X
002688,金河生物,2026-07-15,5.08,1.80%,趋势: 高于MA20 | 动量: 突破转强 (阳线上穿5/10),4.91,5.38,1.28X
600179,安通控股,2026-07-31,4.37,0.23%,动量: 突破转强 (阳线上穿5/10),4.37,4.44,0.92X
600633,浙数文化,2026-07-15,10.39,3.28%,"形态: 两连阴 (-3.80%, -0.69%) | 动量: 突破转强 (阳线上穿5/10)",10.40,11.95,0.95X
000567,海德股份,2026-07-15,6.17,3.01%,量能: 放量 (2.38X) | 趋势: 高于MA20 | 动量: 突破转强 (阳线上穿5/10),5.97,6.02,2.38X
002410,广联达,2026-07-15,8.52,2.04%,趋势: 高于MA20 | 动量: 突破转强 (阳线上穿5/10),8.39,9.68,0.95X
603995,甬金股份,2026-07-31,7.8,0.26%,动量: 突破转强 (阳线上穿5/10),13.56,18.30,1.06X
002696,百洋股份,2026-07-31,5.02,0.40%,动量: 突破转强 (阳线上穿5/10),5.07,5.59,1.18X
601003,柳钢股份,2026-07-31,9.82,1.03%,趋势: 多头排列 (5>20>60) | 趋势: 高于MA20 | 动量: 突破转强 (阳线上穿5/10),7.23,4.94,1.35X
600199,金种子酒,2026-07-15,6.94,9.98%,量能: 放量 (1.76X) | 形态: 10日内有涨停 | 趋势: 高于MA20 | 动量: 突破转强 (阳线上穿5/10),6.48,7.42,1.76X
600877,电科芯片,2026-07-15,13.8,-4.17%,"形态: 两连阴 (-9.98%, -5.51%)",15.85,15.81,0.63X
002668,TCL智家,2026-07-15,10.73,0.66%,趋势: 多头排列 (5>20>60) | 趋势: 高于MA20 | 动量: 突破转强 (阳线上穿5/10),10.57,9.93,0.76X
002599,盛通股份,2026-07-31,6.15,4.59%,量能: 放量 (1.51X) | 趋势: 高于MA20 | 动量: 突破转强 (阳线上穿5/10),5.69,6.00,1.51X
603826,坤彩科技,2026-07-15,16.6,-1.66%,"形态: 两连阴 (-4.80%, -21.23%)",25.03,30.62,0.85X
603206,嘉环科技,2026-07-31,8.5,3.16%,动量: 突破转强 (阳线上穿5/10),10.52,15.28,1.03X
603326,我乐家居,2026-07-31,8.81,4.01%,趋势: 多头排列 (5>20>60) | 趋势: 高于MA20 | 动量: 突破转强 (阳线上穿5/10),7.79,7.47,1.24X
600133,东湖高新,2026-07-15,7.66,0.00%,"形态: 两连阴 (-2.77%, -0.65%)",7.98,8.54,0.68X
002695,煌上煌,2026-07-15,10.61,0.28%,趋势: 高于MA20 | 动量: 突破转强 (阳线上穿5/10),10.52,11.55,1.06X
002867,周大生,2026-07-15,12.41,2.31%,量能: 放量 (1.53X) | 趋势: 高于MA20 | 动量: 突破转强 (阳线上穿5/10),11.82,12.29,1.53X
002075,沙钢股份,2026-07-31,7.28,0.55%,趋势: 多头排列 (5>20>60) | 趋势: 高于MA20 | 动量: 突破转强 (阳线上穿5/10),5.63,4.46,1.19X
600736,苏州高新,2026-07-15,6.87,2.84%,动量: 突破转强 (阳线上穿5/10),6.89,7.55,1.33X
002412,汉森制药,2026-07-15,6.81,9.49%,量能: 放量 (1.97X) | 趋势: 高于MA20 | 动量: 突破转强 (阳线上穿5/10),5.95,6.48,1.97X
600999,招商证券,2026-07-15,20.9,2.45%,"趋势: 多头排列 (5>20>60) | 形态: 两连阴 (-0.49%, -0.29%) | 趋势: 高于MA20",20.71,17.99,0.94X
603801,志邦家居,2026-07-31,10.26,0.20%,趋势: 多头排列 (5>20>60) | 趋势: 高于MA20 | 动量: 突破转强 (阳线上穿5/10),8.21,7.48,0.98X
002572,索菲亚,2026-07-15,8.0,2.96%,趋势: 高于MA20 | 动量: 突破转强 (阳线上穿5/10),7.75,9.74,1.16X
600886,国投电力,2026-07-15,14.54,2.18%,趋势: 高于MA20 | 动量: 突破转强 (阳线上穿5/10),13.49,13.60,1.15X
603041,美思德,2026-07-31,14.7,-0.68%,趋势: 多头排列 (5>20>60) | 趋势: 高于MA20,12.48,12.38,0.90X
600235,民丰特纸,2026-07-31,5.3,1.15%,趋势: 高于MA20 | 动量: 突破转强 (阳线上穿5/10),5.14,5.66,1.12X
000066,中国长城,2026-07-31,9.69,0.94%,动量: 突破转强 (阳线上穿5/10),13.11,17.04,1.01X
605337,李子园,2026-07-15,8.9,2.77%,趋势: 高于MA20 | 动量: 突破转强 (阳线上穿5/10),8.60,9.66,1.23X
002520,日发精机,2026-07-31,5.5,3.19%,动量: 突破转强 (阳线上穿5/10),5.93,6.39,1.03X
000507,珠海港,2026-07-15,5.02,3.72%,趋势: 高于MA20 | 动量: 突破转强 (阳线上穿5/10),4.79,5.04,0.84X
000524,岭南控股,2026-07-15,8.48,2.54%,"形态: 10日内有涨停 | 形态: 两连阴 (-10.03%, -6.87%)",9.06,9.57,0.61X
000788,北大医药,2026-07-15,5.6,3.13%,量能: 放量 (1.57X) | 趋势: 高于MA20 | 动量: 突破转强 (阳线上穿5/10),5.18,5.56,1.57X
000593,德龙汇能,2026-07-31,16.92,10.01%,"形态: 10日内有涨停 | 形态: 两连阴 (-2.91%, -7.74%)",20.15,21.78,0.39X
002322,理工能科,2026-07-15,10.17,1.90%,趋势: 高于MA20 | 动量: 突破转强 (阳线上穿5/10),9.99,11.45,1.02X
600830,香溢融通,2026-07-15,8.12,2.40%,趋势: 高于MA20 | 动量: 突破转强 (阳线上穿5/10),8.12,8.77,1.00X
002609,捷顺科技,2026-07-31,7.37,0.27%,趋势: 高于MA20 | 动量: 突破转强 (阳线上穿5/10),7.28,7.71,0.94X
600523,贵航股份,2026-07-31,11.26,1.81%,趋势: 高于MA20 | 动量: 突破转强 (阳线上穿5/10),11.24,11.70,1.15X
600556,天下秀,2026-07-31,8.32,0.12%,趋势: 多头排列 (5>20>60) | 趋势: 高于MA20 | 动量: 突破转强 (阳线上穿5/10),6.65,5.68,1.20X
001376,百通能源,2026-07-31,11.29,1.26%,形态: 10日内有涨停 | 趋势: 高于MA20 | 动量: 突破转强 (阳线上穿5/10),10.20,12.09,0.79X
603276,恒兴新材,2026-07-15,14.78,-0.61%,"形态: 两连阴 (-3.68%, -0.40%)",15.70,16.75,0.80X
601881,中国银河,2026-07-31,5.98,-5.23%,量能: 放量 (1.73X),8.85,11.30,1.73X
002188,中天服务,2026-07-15,4.91,1.87%,动量: 突破转强 (阳线上穿5/10),5.02,5.96,0.88X
002029,七 匹 狼,2026-07-31,8.32,3.48%,形态: 10日内有涨停 | 趋势: 高于MA20 | 动量: 突破转强 (阳线上穿5/10),7.85,8.59,0.91X
601116,三江购物,2026-07-15,9.94,2.90%,动量: 突破转强 (阳线上穿5/10),10.12,11.94,1.22X
605138,盛泰集团,2026-07-15,5.7,-3.23%,量能: 放量 (1.92X),5.88,6.75,1.92X
002637,赞宇科技,2026-07-31,5.46,1.30%,动量: 突破转强 (阳线上穿5/10),7.46,10.31,1.05X
601083,锦江航运,2026-07-15,10.65,1.82%,趋势: 高于MA20 | 动量: 突破转强 (阳线上穿5/10),10.55,11.43,1.05X
603903,中持股份,2026-07-15,14.45,-6.77%,趋势: 多头排列 (5>20>60) | 形态: 10日内有涨停 | 趋势: 高于MA20,13.72,12.76,1.07X
001356,富岭股份,2026-07-15,8.6,2.26%,趋势: 高于MA20 | 动量: 突破转强 (阳线上穿5/10),8.57,9.89,1.16X
601789,宁波建工,2026-07-15,4.03,1.51%,动量: 突破转强 (阳线上穿5/10),4.14,5.38,0.86X
600185,珠免集团,2026-07-15,4.57,2.93%,动量: 突破转强 (阳线上穿5/10),4.57,5.24,1.18X
605500,森林包装,2026-07-31,6.57,1.70%,趋势: 高于MA20 | 动量: 突破转强 (阳线上穿5/10),6.34,7.50,0.88X
603515,欧普照明,2026-07-15,17.36,-0.23%,趋势: 高于MA20,17.30,18.88,1.08X
600284,浦东建设,2026-07-15,4.91,2.08%,动量: 突破转强 (阳线上穿5/10),4.99,6.12,1.17X
601068,中铝国际,2026-07-15,4.34,0.70%,动量: 突破转强 (阳线上穿5/10),4.44,5.31,1.07X
603578,三星新材,2026-07-15,12.88,1.42%,形态: 10日内有涨停 | 趋势: 高于MA20 | 动量: 突破转强 (阳线上穿5/10),12.67,13.73,1.08X
600269,赣粤高速,2026-07-15,3.94,-5.06%,量能: 放量 (2.37X),4.10,4.27,2.37X
000521,长虹美菱,2026-07-31,5.08,1.80%,"形态: 10日内有涨停 | 形态: 两连阴 (-0.78%, -2.54%)",5.11,5.44,0.82X
002063,远光软件,2026-07-15,5.24,2.14%,趋势: 高于MA20 | 动量: 突破转强 (阳线上穿5/10),5.15,5.82,0.95X
000860,顺鑫农业,2026-07-15,10.89,6.45%,量能: 放量 (1.94X) | 趋势: 高于MA20 | 动量: 突破转强 (阳线上穿5/10),10.07,11.17,1.94X
600149,廊坊发展,2026-07-15,4.64,1.75%,趋势: 高于MA20 | 动量: 突破转强 (阳线上穿5/10),4.63,5.50,0.97X
600521,华海药业,2026-07-15,16.89,-0.47%,量能: 放量 (1.56X) | 趋势: 高于MA20,15.41,15.74,1.56X
600072,中船科技,2026-07-15,8.19,0.99%,"形态: 10日内有涨停 | 形态: 两连阴 (-7.30%, -1.82%)",8.70,11.01,0.70X
603279,景津装备,2026-07-31,6.14,-0.49%,形态: 10日内有涨停,8.46,12.56,0.76X
603709,中源家居,2026-07-15,13.89,3.19%,动量: 突破转强 (阳线上穿5/10),13.94,16.30,1.09X
603871,嘉友国际,2026-07-15,11.72,1.47%,趋势: 高于MA20 | 动量: 突破转强 (阳线上穿5/10),11.09,11.98,0.89X
000757,浩物股份,2026-07-15,3.74,2.75%,趋势: 高于MA20 | 动量: 突破转强 (阳线上穿5/10),3.64,4.16,0.81X
002072,凯瑞德,2026-07-15,7.32,6.24%,形态: 10日内有涨停,8.32,7.95,0.85X
002343,慈文传媒,2026-07-15,4.69,2.40%,趋势: 高于MA20 | 动量: 突破转强 (阳线上穿5/10),4.59,5.32,0.88X
600161,天坛生物,2026-07-15,12.59,2.19%,趋势: 高于MA20 | 动量: 突破转强 (阳线上穿5/10),12.03,13.16,1.46X
002698,博实股份,2026-07-15,12.29,1.15%,趋势: 高于MA20,12.24,13.00,0.75X
000925,众合科技,2026-07-31,7.04,4.61%,量能: 放量 (1.52X) | 形态: 10日内有涨停 | 动量: 突破转强 (阳线上穿5/10),7.38,8.36,1.52X
603305,旭升集团,2026-07-31,11.41,2.42%,趋势: 高于MA20 | 动量: 突破转强 (阳线上穿5/10),11.26,13.60,1.18X
603165,荣晟环保,2026-07-15,13.89,0.94%,形态: 10日内有涨停 | 趋势: 高于MA20 | 动量: 突破转强 (阳线上穿5/10),13.84,16.03,0.69X
603221,爱丽家居,2026-07-15,11.41,-2.65%,"形态: 10日内有涨停 | 形态: 两连阴 (-2.32%, -0.42%) | 趋势: 高于MA20",11.10,11.88,0.77X
603890,春秋电子,2026-07-15,23.26,3.15%,动量: 突破转强 (阳线上穿5/10),25.02,22.99,1.22X
000830,鲁西化工,2026-07-31,12.64,-0.71%,趋势: 高于MA20,12.28,12.99,0.88X
000705,浙江震元,2026-07-31,10.15,0.79%,趋势: 多头排列 (5>20>60) | 趋势: 高于MA20 | 动量: 突破转强 (阳线上穿5/10),8.45,7.42,1.08X
600965,福成股份,2026-07-15,2.66,0.00%,趋势: 高于MA20,2.66,3.37,0.82X
002041,登海种业,2026-07-15,8.62,2.38%,趋势: 高于MA20 | 动量: 突破转强 (阳线上穿5/10),8.22,8.96,1.29X
000557,西部创业,2026-07-15,3.66,1.67%,趋势: 高于MA20 | 动量: 突破转强 (阳线上穿5/10),3.60,4.12,1.05X
601608,中信重工,2026-07-15,5.07,-1.17%,形态: 10日内有涨停 | 趋势: 高于MA20,4.92,5.50,1.24X
000753,漳州发展,2026-07-15,4.47,1.59%,动量: 突破转强 (阳线上穿5/10),4.57,5.50,0.93X
002737,葵花药业,2026-07-15,13.44,2.44%,趋势: 高于MA20 | 动量: 突破转强 (阳线上穿5/10),12.28,12.68,1.19X
603809,豪能股份,2026-07-31,9.47,4.18%,量能: 放量 (1.50X) | 趋势: 高于MA20 | 动量: 突破转强 (阳线上穿5/10),8.85,9.82,1.50X
002490,山东墨龙,2026-07-15,8.15,-9.94%,形态: 10日内有涨停 | 趋势: 高于MA20,7.04,8.24,0.74X
002842,翔鹭钨业,2026-07-15,35.96,-5.94%,形态: 10日内有涨停,43.91,38.13,0.92X
600236,桂冠电力,2026-07-15,10.0,0.70%,趋势: 高于MA20 | 动量: 突破转强 (阳线上穿5/10),9.35,10.23,1.06X
000548,湖南投资,2026-07-15,4.27,0.71%,趋势: 高于MA20 | 动量: 突破转强 (阳线上穿5/10),4.23,4.75,1.04X
603313,梦百合,2026-07-15,7.93,-7.68%,趋势: 多头排列 (5>20>60) | 形态: 10日内有涨停 | 趋势: 高于MA20,6.32,6.23,1.04X
002405,四维图新,2026-07-15,6.16,-0.96%,"形态: 两连阴 (-5.85%, -0.96%)",6.61,8.09,0.88X
600218,全柴动力,2026-07-31,7.52,1.35%,趋势: 高于MA20 | 动量: 突破转强 (阳线上穿5/10),7.26,8.01,1.07X
003037,三和管桩,2026-07-31,10.21,10.02%,"趋势: 多头排列 (5>20>60) | 量能: 放量 (1.78X) | 形态: 10日内有涨停 | 形态: 两连阴 (-0.83%, -2.93%) | 趋势: 高于MA20",8.76,7.29,1.78X
002131,利欧股份,2026-07-15,4.19,1.95%,"形态: 两连阴 (-8.24%, -2.84%)",4.68,5.90,0.81X
603168,莎普爱思,2026-07-15,5.18,2.57%,趋势: 高于MA20 | 动量: 突破转强 (阳线上穿5/10),4.96,5.74,0.98X
600073,光明肉业,2026-07-15,5.24,2.95%,趋势: 高于MA20 | 动量: 突破转强 (阳线上穿5/10),4.90,5.29,1.40X
601155,新城控股,2026-07-15,11.21,4.57%,趋势: 高于MA20 | 动量: 突破转强 (阳线上穿5/10),10.62,12.63,1.06X
002286,保龄宝,2026-07-31,18.1,2.84%,趋势: 多头排列 (5>20>60) | 形态: 10日内有涨停 | 趋势: 高于MA20 | 动量: 突破转强 (阳线上穿5/10),13.62,10.62,0.75X
002062,宏润建设,2026-07-15,7.56,10.04%,"量能: 放量 (1.65X) | 形态: 10日内有涨停 | 形态: 两连阴 (-8.22%, -0.72%) | 趋势: 高于MA20 | 动量: 突破转强 (阳线上穿5/10)",7.48,8.42,1.65X
002392,北京利尔,2026-07-31,15.59,2.50%,趋势: 多头排列 (5>20>60) | 趋势: 高于MA20 | 动量: 突破转强 (阳线上穿5/10),12.40,9.94,1.10X
002908,德生科技,2026-07-31,13.26,4.00%,趋势: 多头排列 (5>20>60) | 量能: 放量 (1.70X) | 趋势: 高于MA20 | 动量: 突破转强 (阳线上穿5/10),10.03,8.31,1.70X
603915,国茂股份,2026-07-31,13.12,3.72%,动量: 突破转强 (阳线上穿5/10),13.19,15.02,1.20X
600623,华谊集团,2026-07-31,19.72,0.82%,趋势: 多头排列 (5>20>60) | 趋势: 高于MA20 | 动量: 突破转强 (阳线上穿5/10),14.66,10.79,0.86X
000030,富奥股份,2026-07-15,4.1,2.24%,趋势: 高于MA20 | 动量: 突破转强 (阳线上穿5/10),4.06,4.59,0.95X
603778,国晟科技,2026-07-31,9.04,6.35%,"形态: 两连阴 (-1.44%, -4.39%) | 动量: 突破转强 (阳线上穿5/10)",9.53,15.48,1.27X
600061,国投资本,2026-07-31,3.82,1.33%,动量: 突破转强 (阳线上穿5/10),4.84,5.95,1.15X
600435,北方导航,2026-07-15,10.09,0.10%,"形态: 两连阴 (-9.13%, -2.61%)",11.12,12.64,0.59X
601577,长沙银行,2026-07-15,9.46,-0.21%,趋势: 高于MA20,9.04,9.38,1.01X
603107,上海汽配,2026-07-31,18.24,0.50%,趋势: 多头排列 (5>20>60) | 形态: 10日内有涨停 | 趋势: 高于MA20 | 动量: 突破转强 (阳线上穿5/10),15.38,13.83,0.80X
000815,美利云,2026-07-15,13.04,-0.91%,"形态: 两连阴 (-5.47%, -1.05%)",14.74,17.49,0.59X
002500,山西证券,2026-07-15,5.42,1.50%,趋势: 高于MA20 | 动量: 突破转强 (阳线上穿5/10),5.29,5.34,1.31X
603321,梅轮电梯,2026-07-15,5.92,1.72%,动量: 突破转强 (阳线上穿5/10),5.95,6.94,0.86X
600197,伊力特,2026-07-15,10.2,3.55%,量能: 放量 (1.68X) | 趋势: 高于MA20 | 动量: 突破转强 (阳线上穿5/10),9.85,11.24,1.68X
002045,国光电器,2026-07-15,7.58,2.85%,量能: 放量 (1.84X),7.92,9.57,1.84X
002559,亚威股份,2026-07-15,10.99,3.78%,"形态: 10日内有涨停 | 形态: 两连阴 (-8.57%, -1.76%)",12.04,11.04,0.98X
600655,豫园股份,2026-07-31,11.62,-0.94%,趋势: 多头排列 (5>20>60) | 趋势: 高于MA20,8.42,5.82,1.01X
600901,江苏金租,2026-07-15,6.29,2.28%,趋势: 高于MA20 | 动量: 突破转强 (阳线上穿5/10),6.06,6.44,0.96X
600630,龙头股份,2026-07-31,13.74,4.49%,"趋势: 多头排列 (5>20>60) | 形态: 两连阴 (-3.34%, -5.33%) | 趋势: 高于MA20",11.61,9.61,1.12X
601117,中国化学,2026-07-15,7.65,1.32%,动量: 突破转强 (阳线上穿5/10),7.68,7.92,1.05X
603856,东宏股份,2026-07-31,11.27,1.35%,动量: 突破转强 (阳线上穿5/10),11.79,12.31,0.94X
002198,嘉应制药,2026-07-15,3.36,-0.88%,趋势: 高于MA20,3.28,4.31,1.16X
603949,雪龙集团,2026-07-15,13.76,-10.01%,"形态: 两连阴 (-10.01%, -10.01%)",17.22,17.10,0.35X
600057,厦门象屿,2026-07-15,6.05,3.77%,趋势: 高于MA20 | 动量: 突破转强 (阳线上穿5/10),5.73,6.36,1.33X
603227,雪峰科技,2026-07-15,7.35,2.51%,趋势: 高于MA20 | 动量: 突破转强 (阳线上穿5/10),7.27,8.16,1.02X
001318,阳光乳业,2026-07-15,10.34,1.08%,趋势: 高于MA20 | 动量: 突破转强 (阳线上穿5/10),10.29,11.76,1.34X
605599,菜百股份,2026-07-31,14.05,3.38%,形态: 10日内有涨停 | 趋势: 高于MA20,13.67,14.97,0.89X
600267,海正药业,2026-07-15,11.98,3.36%,趋势: 高于MA20 | 动量: 突破转强 (阳线上穿5/10),10.49,10.65,1.40X
601177,杭齿前进,2026-07-31,12.88,3.37%,趋势: 高于MA20 | 动量: 突破转强 (阳线上穿5/10),12.84,14.40,1.35X
603128,华贸物流,2026-07-31,6.65,0.45%,趋势: 多头排列 (5>20>60) | 趋势: 高于MA20 | 动量: 突破转强 (阳线上穿5/10),5.97,5.57,1.04X
600719,大连热电,2026-07-31,7.1,2.75%,"形态: 两连阴 (-0.28%, -2.81%) | 动量: 突破转强 (阳线上穿5/10)",7.20,8.40,1.13X
603558,健盛集团,2026-07-15,12.14,1.93%,趋势: 高于MA20 | 动量: 突破转强 (阳线上穿5/10),11.52,12.23,0.98X
600095,湘财股份,2026-07-15,7.81,2.09%,趋势: 高于MA20 | 动量: 突破转强 (阳线上穿5/10),7.76,8.38,1.33X
002537,海联金汇,2026-07-15,5.35,2.49%,动量: 突破转强 (阳线上穿5/10),5.49,6.54,0.92X
603050,科林电气,2026-07-31,7.34,1.38%,形态: 10日内有涨停,12.13,18.45,0.87X
002702,海欣食品,2026-07-15,4.55,1.34%,动量: 突破转强 (阳线上穿5/10),4.58,5.25,0.93X
603989,艾华集团,2026-07-15,34.96,-7.81%,形态: 10日内有涨停,44.73,32.36,0.87X
002478,常宝股份,2026-07-31,6.2,-0.64%,趋势: 高于MA20,5.98,6.86,0.80X
002722,物产金轮,2026-07-31,6.29,1.62%,动量: 突破转强 (阳线上穿5/10),8.57,11.92,0.98X
002036,联创电子,2026-07-15,6.1,0.00%,"形态: 两连阴 (-8.43%, -1.45%)",7.26,8.33,0.93X
000566,海南海药,2026-07-15,5.15,10.04%,"形态: 10日内有涨停 | 形态: 两连阴 (-3.43%, -2.09%) | 趋势: 高于MA20",4.87,4.64,0.51X
002746,仙坛股份,2026-07-15,5.87,2.44%,趋势: 高于MA20 | 动量: 突破转强 (阳线上穿5/10),5.34,5.82,1.09X
600188,兖矿能源,2026-07-15,20.23,5.20%,趋势: 高于MA20 | 动量: 突破转强 (阳线上穿5/10),18.59,20.80,1.16X
002019,亿帆医药,2026-07-15,10.46,2.65%,趋势: 高于MA20 | 动量: 突破转强 (阳线上穿5/10),9.87,10.44,1.49X
600676,交运股份,2026-07-15,7.2,-0.28%,趋势: 高于MA20,6.85,7.14,1.06X
000952,广济药业,2026-07-15,5.85,2.45%,趋势: 高于MA20 | 动量: 突破转强 (阳线上穿5/10),5.71,6.51,1.16X
002123,梦网科技,2026-07-15,8.53,-10.02%,趋势: 高于MA20,8.03,8.75,0.64X
002317,众生药业,2026-07-15,33.29,6.87%,趋势: 多头排列 (5>20>60) | 形态: 10日内有涨停 | 趋势: 高于MA20 | 动量: 突破转强 (阳线上穿5/10),26.12,23.01,1.30X
001979,招商蛇口,2026-07-15,6.67,5.37%,动量: 突破转强 (阳线上穿5/10),6.69,8.04,1.42X
603385,惠达卫浴,2026-07-15,5.05,0.80%,趋势: 高于MA20 | 动量: 突破转强 (阳线上穿5/10),5.05,5.97,0.95X
600825,新华传媒,2026-07-31,7.68,3.09%,趋势: 多头排列 (5>20>60) | 量能: 放量 (1.55X) | 趋势: 高于MA20 | 动量: 突破转强 (阳线上穿5/10),6.34,5.55,1.55X
002361,神剑股份,2026-07-31,9.17,4.20%,"形态: 两连阴 (-1.80%, -4.97%)",10.29,14.54,1.11X
000702,正虹科技,2026-07-31,4.17,1.46%,动量: 突破转强 (阳线上穿5/10),4.43,5.44,1.01X
600207,安彩高科,2026-07-31,8.72,3.44%,"趋势: 多头排列 (5>20>60) | 形态: 两连阴 (-0.58%, -1.06%) | 趋势: 高于MA20 | 动量: 突破转强 (阳线上穿5/10)",6.89,6.62,1.07X
002843,泰嘉股份,2026-07-15,20.5,-2.71%,"形态: 两连阴 (-5.41%, -4.40%)",21.86,24.04,0.73X
000713,国投丰乐,2026-07-15,5.7,1.79%,趋势: 高于MA20 | 动量: 突破转强 (阳线上穿5/10),5.48,5.94,1.33X
002799,环球印务,2026-07-15,6.27,2.45%,趋势: 高于MA20 | 动量: 突破转强 (阳线上穿5/10),6.22,7.39,0.99X
601006,大秦铁路,2026-07-31,4.12,1.73%,动量: 突破转强 (阳线上穿5/10),4.33,4.85,1.00X
603043,广州酒家,2026-07-15,13.51,1.35%,趋势: 高于MA20 | 动量: 突破转强 (阳线上穿5/10),13.14,14.16,1.20X
001322,箭牌家居,2026-07-15,6.13,0.16%,趋势: 高于MA20,6.10,7.39,0.97X
000955,欣龙控股,2026-07-15,4.21,0.00%,形态: 10日内有涨停,4.51,4.59,0.73X
603926,铁流股份,2026-07-31,8.03,0.37%,动量: 突破转强 (阳线上穿5/10),11.69,17.90,1.23X
002790,瑞尔特,2026-07-15,5.61,1.63%,趋势: 高于MA20 | 动量: 突破转强 (阳线上穿5/10),5.58,6.47,0.92X
600137,浪莎股份,2026-07-15,16.88,1.93%,动量: 突破转强 (阳线上穿5/10),16.96,20.08,1.16X
002307,北新路桥,2026-07-15,2.92,2.10%,"形态: 两连阴 (-2.68%, -1.72%)",3.16,3.90,1.05X
002932,明德生物,2026-07-15,14.65,1.10%,趋势: 高于MA20 | 动量: 突破转强 (阳线上穿5/10),14.53,15.76,1.15X
603609,禾丰股份,2026-07-15,6.68,1.67%,趋势: 高于MA20 | 动量: 突破转强 (阳线上穿5/10),6.14,6.45,1.04X
600288,大恒科技,2026-07-15,15.46,-10.01%,趋势: 多头排列 (5>20>60) | 形态: 10日内有涨停 | 趋势: 高于MA20,14.23,14.00,0.16X
000987,越秀资本,2026-07-15,7.77,2.64%,"形态: 两连阴 (-5.19%, -1.30%)",7.97,8.48,0.78X
600546,山煤国际,2026-07-15,12.62,-0.94%,趋势: 高于MA20,12.05,12.98,1.25X
600059,古越龙山,2026-07-15,7.95,3.25%,趋势: 高于MA20 | 动量: 突破转强 (阳线上穿5/10),7.62,8.18,1.09X
600810,神马股份,2026-07-31,35.65,0.99%,"趋势: 多头排列 (5>20>60) | 形态: 两连阴 (-3.46%, -7.11%) | 趋势: 高于MA20",26.59,13.23,1.09X
002800,天顺股份,2026-07-31,12.54,2.45%,趋势: 高于MA20 | 动量: 突破转强 (阳线上穿5/10),12.24,14.73,1.16X
600028,中国石化,2026-07-15,5.03,0.00%,趋势: 高于MA20,4.73,4.98,0.94X
603848,好太太,2026-07-15,13.4,-0.96%,"形态: 两连阴 (-4.88%, -0.73%)",13.99,14.89,1.08X
000856,冀东装备,2026-07-15,7.35,1.94%,动量: 突破转强 (阳线上穿5/10),7.43,8.93,1.15X
000665,湖北广电,2026-07-15,3.83,2.68%,趋势: 高于MA20 | 动量: 突破转强 (阳线上穿5/10),3.76,4.30,0.91X
002398,垒知集团,2026-07-15,3.83,1.86%,动量: 突破转强 (阳线上穿5/10),3.84,4.43,0.84X
000716,黑芝麻,2026-07-15,4.6,1.10%,趋势: 高于MA20 | 动量: 突破转强 (阳线上穿5/10),4.31,4.92,1.43X
603536,惠发食品,2026-07-15,8.46,3.55%,趋势: 高于MA20 | 动量: 突破转强 (阳线上穿5/10),8.15,9.19,1.24X
002196,方正电机,2026-07-31,10.6,3.21%,动量: 突破转强 (阳线上穿5/10),10.77,12.90,1.50X
600313,农发种业,2026-07-15,5.4,1.69%,趋势: 高于MA20 | 动量: 突破转强 (阳线上穿5/10),5.37,6.18,1.33X
002121,科陆电子,2026-07-31,6.62,0.00%,趋势: 高于MA20,5.86,6.39,0.96X
002007,华兰生物,2026-07-15,13.32,1.68%,趋势: 高于MA20 | 动量: 突破转强 (阳线上穿5/10),12.76,13.61,1.30X
603693,江苏新能,2026-07-31,6.44,1.90%,动量: 突破转强 (阳线上穿5/10),8.18,12.93,0.70X
603299,苏盐井神,2026-07-15,9.54,1.71%,趋势: 高于MA20 | 动量: 突破转强 (阳线上穿5/10),9.14,10.05,0.96X
000726,鲁  泰Ａ,2026-07-31,10.37,6.47%,趋势: 多头排列 (5>20>60) | 趋势: 高于MA20 | 动量: 突破转强 (阳线上穿5/10),8.54,6.81,1.40X
002101,广东鸿图,2026-07-15,9.15,-1.29%,趋势: 高于MA20,9.11,9.34,1.10X
601600,中国铝业,2026-07-15,8.98,1.35%,趋势: 高于MA20 | 动量: 突破转强 (阳线上穿5/10),8.67,10.47,1.34X
600305,恒顺醋业,2026-07-31,7.99,0.38%,趋势: 多头排列 (5>20>60) | 趋势: 高于MA20 | 动量: 突破转强 (阳线上穿5/10),7.36,7.11,0.85X
603967,中创物流,2026-07-15,11.43,0.00%,趋势: 高于MA20,11.17,12.40,1.04X
000821,京山轻机,2026-07-31,7.05,1.73%,动量: 突破转强 (阳线上穿5/10),7.20,8.48,1.09X
002174,游族网络,2026-07-31,5.04,1.61%,动量: 突破转强 (阳线上穿5/10),7.84,10.32,1.09X
600859,王府井,2026-07-15,9.82,3.59%,趋势: 高于MA20 | 动量: 突破转强 (阳线上穿5/10),9.55,10.78,1.43X
002907,华森制药,2026-07-31,12.76,2.41%,动量: 突破转强 (阳线上穿5/10),13.32,12.98,0.98X
002204,大连重工,2026-07-31,5.41,-0.18%,趋势: 高于MA20,5.20,5.65,1.11X
002856,美芝股份,2026-07-31,6.41,3.72%,动量: 突破转强 (阳线上穿5/10),10.42,17.19,0.79X
600757,长江传媒,2026-07-15,7.7,3.08%,趋势: 高于MA20 | 动量: 突破转强 (阳线上穿5/10),7.48,8.04,1.44X
002012,凯恩股份,2026-07-31,5.51,3.38%,"形态: 10日内有涨停 | 形态: 两连阴 (-0.91%, -2.38%)",5.68,6.77,0.57X
600012,皖通高速,2026-07-15,16.81,0.06%,趋势: 多头排列 (5>20>60) | 趋势: 高于MA20,16.29,16.19,1.04X
002579,中京电子,2026-07-15,14.63,-10.02%,形态: 10日内有涨停,19.03,16.21,0.93X
002700,万憬能源,2026-07-31,7.68,2.54%,趋势: 高于MA20 | 动量: 突破转强 (阳线上穿5/10),6.86,7.34,0.88X
600419,天润乳业,2026-07-15,7.91,2.99%,趋势: 高于MA20 | 动量: 突破转强 (阳线上穿5/10),7.76,8.55,0.91X
600604,市北高新,2026-07-15,4.2,-1.87%,趋势: 高于MA20,4.09,4.51,0.99X
600692,亚通股份,2026-07-15,5.69,1.07%,趋势: 高于MA20 | 动量: 突破转强 (阳线上穿5/10),5.63,6.71,1.07X
002818,富森美,2026-07-15,10.72,1.23%,动量: 突破转强 (阳线上穿5/10),10.75,11.11,1.40X
603682,锦和商管,2026-07-31,3.9,4.28%,量能: 放量 (1.55X) | 动量: 突破转强 (阳线上穿5/10),5.58,7.50,1.55X
603096,新经典,2026-07-15,14.15,1.95%,趋势: 高于MA20 | 动量: 突破转强 (阳线上穿5/10),13.92,16.10,0.96X
000531,穗恒运Ａ,2026-07-31,7.33,10.06%,"形态: 10日内有涨停 | 形态: 两连阴 (-0.58%, -3.20%) | 趋势: 高于MA20",6.82,6.94,1.42X
603033,三维股份,2026-07-15,8.27,1.85%,"形态: 两连阴 (-1.45%, -0.73%)",9.07,10.21,0.65X
600202,哈空调,2026-07-15,4.59,2.46%,动量: 突破转强 (阳线上穿5/10),4.63,5.43,0.78X
603359,东珠生态,2026-07-31,2.21,4.25%,趋势: 高于MA20 | 动量: 突破转强 (阳线上穿5/10),2.20,2.60,1.19X
600388,龙净环保,2026-07-31,11.15,0.18%,动量: 突破转强 (阳线上穿5/10),12.89,15.88,1.24X
002373,千方科技,2026-07-15,7.23,2.84%,动量: 突破转强 (阳线上穿5/10),7.29,8.16,1.00X
002873,新天药业,2026-07-31,20.27,0.75%,趋势: 多头排列 (5>20>60) | 趋势: 高于MA20 | 动量: 突破转强 (阳线上穿5/10),15.00,10.71,1.14X
603223,恒通股份,2026-07-31,5.32,0.57%,动量: 突破转强 (阳线上穿5/10),8.18,9.64,0.87X
002550,千红制药,2026-07-15,7.22,2.85%,趋势: 高于MA20 | 动量: 突破转强 (阳线上穿5/10),6.50,6.63,1.36X
002632,道明光学,2026-07-15,8.75,1.63%,形态: 10日内有涨停,9.13,10.31,0.97X
000027,深圳能源,2026-07-15,6.2,1.64%,动量: 突破转强 (阳线上穿5/10),6.40,7.01,1.09X
002077,大港股份,2026-07-15,16.03,-7.93%,"形态: 两连阴 (-5.53%, -3.87%)",18.40,17.41,0.77X
002354,天娱数科,2026-07-31,7.4,2.07%,动量: 突破转强 (阳线上穿5/10),7.69,7.58,0.99X
601019,山东出版,2026-07-31,16.94,1.44%,趋势: 多头排列 (5>20>60) | 趋势: 高于MA20 | 动量: 突破转强 (阳线上穿5/10),11.96,8.68,1.27X
600356,恒丰纸业,2026-07-31,8.18,-0.61%,趋势: 高于MA20,7.82,8.45,1.06X
600505,西昌电力,2026-07-15,10.79,2.76%,动量: 突破转强 (阳线上穿5/10),11.16,12.78,1.45X
603711,香飘飘,2026-07-15,11.02,-5.08%,量能: 放量 (2.36X),11.70,13.14,2.36X
000892,欢瑞世纪,2026-07-15,3.52,-9.97%,"形态: 10日内有涨停 | 形态: 两连阴 (-5.24%, -1.76%)",3.61,4.24,0.21X
000920,沃顿科技,2026-07-15,12.86,-6.81%,形态: 10日内有涨停,13.79,12.66,1.01X
600469,风神股份,2026-07-15,5.44,1.49%,趋势: 高于MA20 | 动量: 突破转强 (阳线上穿5/10),5.42,5.98,1.02X
000818,航锦科技,2026-07-15,12.88,0.55%,"形态: 两连阴 (-8.01%, -2.14%)",13.83,14.68,0.60X
603836,海程邦达,2026-07-15,8.6,3.12%,趋势: 高于MA20 | 动量: 突破转强 (阳线上穿5/10),8.51,11.65,1.26X
002724,海洋王,2026-07-15,4.97,2.90%,趋势: 高于MA20 | 动量: 突破转强 (阳线上穿5/10),4.93,5.70,1.13X
601898,中煤能源,2026-07-15,13.12,-0.98%,趋势: 高于MA20,13.03,15.42,1.05X
603970,中农立华,2026-07-31,5.72,1.06%,动量: 突破转强 (阳线上穿5/10),7.38,9.99,1.19X
003018,金富科技,2026-07-15,52.0,-21.37%,形态: 10日内有涨停,67.46,59.92,1.11X
603980,吉华集团,2026-07-31,10.5,1.25%,趋势: 多头排列 (5>20>60) | 趋势: 高于MA20 | 动量: 突破转强 (阳线上穿5/10),8.47,6.88,1.20X
603569,长久物流,2026-07-15,5.82,2.83%,趋势: 高于MA20 | 动量: 突破转强 (阳线上穿5/10),5.44,6.04,1.35X
000683,博源化工,2026-07-31,6.51,1.72%,趋势: 高于MA20 | 动量: 突破转强 (阳线上穿5/10),6.03,6.72,1.06X
002752,昇兴股份,2026-07-15,6.15,0.49%,趋势: 高于MA20 | 动量: 突破转强 (阳线上穿5/10),6.03,6.63,1.06X
000001,平安银行,2026-07-15,10.84,1.40%,趋势: 高于MA20 | 动量: 突破转强 (阳线上穿5/10),10.47,10.86,1.02X
002560,通达股份,2026-07-31,6.08,1.50%,形态: 10日内有涨停 | 动量: 突破转强 (阳线上穿5/10),6.19,8.27,0.72X
000501,武商集团,2026-07-31,9.6,1.69%,趋势: 多头排列 (5>20>60) | 趋势: 高于MA20 | 动量: 突破转强 (阳线上穿5/10),8.34,7.72,0.95X
600278,东方创业,2026-07-15,6.16,1.99%,动量: 突破转强 (阳线上穿5/10),6.18,6.65,1.16X
605158,华达新材,2026-07-15,6.69,6.36%,量能: 放量 (2.09X) | 趋势: 高于MA20 | 动量: 突破转强 (阳线上穿5/10),6.56,7.09,2.09X
002731,萃华珠宝,2026-07-15,2.09,-9.52%,"量能: 放量 (4.86X) | 形态: 两连阴 (-10.14%, -10.12%)",3.85,5.54,4.86X
601128,常熟银行,2026-07-15,6.24,1.46%,趋势: 高于MA20 | 动量: 突破转强 (阳线上穿5/10),6.06,6.74,1.26X
002178,延华智能,2026-07-31,5.78,0.87%,趋势: 高于MA20 | 动量: 突破转强 (阳线上穿5/10),5.12,5.29,1.14X
002996,顺博合金,2026-07-15,6.31,0.96%,趋势: 高于MA20 | 动量: 突破转强 (阳线上穿5/10),6.12,6.75,1.06X
603189,网达软件,2026-07-15,9.05,-1.09%,"形态: 两连阴 (-5.77%, -3.38%)",10.40,11.86,1.03X
002826,易明医药,2026-07-15,17.18,1.42%,形态: 10日内有涨停 | 趋势: 高于MA20,16.69,17.83,1.32X
600458,时代新材,2026-07-31,12.56,8.28%,量能: 放量 (3.30X) | 趋势: 高于MA20 | 动量: 突破转强 (阳线上穿5/10),12.23,13.62,3.30X
002208,合肥城建,2026-07-15,16.91,-10.01%,趋势: 多头排列 (5>20>60) | 形态: 10日内有涨停,18.30,17.22,1.23X
601233,桐昆股份,2026-07-31,22.4,1.59%,趋势: 多头排列 (5>20>60) | 趋势: 高于MA20 | 动量: 突破转强 (阳线上穿5/10),21.44,21.38,1.04X
600350,山东高速,2026-07-31,5.57,-3.13%,形态: 10日内有涨停,8.19,10.29,0.92X
600629,华建集团,2026-07-15,13.75,-3.64%,形态: 10日内有涨停 | 趋势: 高于MA20,13.26,17.07,1.11X
000876,新 希 望,2026-07-15,7.15,2.14%,"形态: 两连阴 (-1.40%, -0.57%) | 趋势: 高于MA20 | 动量: 突破转强 (阳线上穿5/10)",6.67,7.59,1.00X
603601,再升科技,2026-07-31,7.98,4.18%,"形态: 两连阴 (-1.48%, -4.25%)",8.89,13.64,1.16X
603997,继峰股份,2026-07-15,12.48,6.12%,趋势: 高于MA20 | 动量: 突破转强 (阳线上穿5/10),12.21,12.98,1.42X
002166,莱茵生物,2026-07-15,6.96,7.74%,量能: 放量 (2.53X) | 趋势: 高于MA20 | 动量: 突破转强 (阳线上穿5/10),6.56,7.81,2.53X
000863,三湘印象,2026-07-15,4.12,0.98%,"形态: 两连阴 (-3.52%, -0.73%)",4.22,4.78,0.74X
603162,海通发展,2026-07-15,11.24,4.66%,形态: 10日内有涨停 | 趋势: 高于MA20 | 动量: 突破转强 (阳线上穿5/10),9.64,12.37,0.90X
600416,湘电股份,2026-07-31,9.15,0.11%,趋势: 高于MA20 | 动量: 突破转强 (阳线上穿5/10),8.88,10.42,1.10X
600595,中孚实业,2026-07-15,6.46,1.57%,形态: 10日内有涨停 | 趋势: 高于MA20 | 动量: 突破转强 (阳线上穿5/10),5.92,6.98,1.25X
002302,西部建设,2026-07-31,4.63,-0.22%,趋势: 高于MA20,4.45,4.82,1.00X
600749,西藏旅游,2026-07-15,13.86,2.14%,"形态: 10日内有涨停 | 形态: 两连阴 (-8.42%, -0.22%)",14.23,15.68,0.65X
603214,爱婴室,2026-07-15,12.83,1.99%,趋势: 高于MA20 | 动量: 突破转强 (阳线上穿5/10),12.63,14.48,0.90X
600678,四川金顶,2026-07-31,5.4,4.25%,动量: 突破转强 (阳线上穿5/10),5.65,6.36,1.08X
002246,北化股份,2026-07-15,18.24,0.50%,动量: 突破转强 (阳线上穿5/10),18.73,21.05,0.80X
603151,邦基科技,2026-07-31,13.13,0.00%,趋势: 高于MA20,12.34,12.88,0.90X
000937,冀中能源,2026-07-31,3.69,1.10%,动量: 突破转强 (阳线上穿5/10),3.90,4.72,0.92X
002065,东华软件,2026-07-15,6.92,0.29%,"形态: 两连阴 (-2.37%, -1.29%)",7.12,7.69,0.75X
002120,韵达股份,2026-07-31,9.93,0.10%,趋势: 多头排列 (5>20>60) | 趋势: 高于MA20 | 动量: 突破转强 (阳线上穿5/10),8.41,7.39,1.11X
000801,四川九洲,2026-07-31,7.11,3.04%,动量: 突破转强 (阳线上穿5/10),8.65,11.33,1.28X
601086,国芳集团,2026-07-15,7.27,5.52%,量能: 放量 (1.87X) | 趋势: 高于MA20 | 动量: 突破转强 (阳线上穿5/10),6.85,7.77,1.87X
603210,泰鸿万立,2026-07-15,13.62,1.41%,趋势: 高于MA20 | 动量: 突破转强 (阳线上穿5/10),13.59,14.80,1.02X
600015,华夏银行,2026-07-15,6.98,0.72%,趋势: 高于MA20 | 动量: 突破转强 (阳线上穿5/10),6.71,6.80,1.13X
000791,甘肃能源,2026-07-31,8.76,-2.67%,量能: 放量 (1.67X) | 趋势: 高于MA20,8.12,8.64,1.67X
002440,闰土股份,2026-07-31,11.88,0.85%,趋势: 多头排列 (5>20>60) | 趋势: 高于MA20 | 动量: 突破转强 (阳线上穿5/10),11.08,10.31,0.70X
002467,二六三,2026-07-15,4.38,-0.68%,形态: 10日内有涨停,4.72,5.79,0.63X
603086,先达股份,2026-07-15,5.45,1.49%,趋势: 高于MA20 | 动量: 突破转强 (阳线上穿5/10),5.42,6.33,0.86X
002079,苏州固锝,2026-07-15,10.85,-6.63%,"形态: 两连阴 (-5.07%, -9.99%)",13.76,12.61,1.34X
600588,用友网络,2026-07-15,9.31,1.20%,"形态: 两连阴 (-3.21%, -1.71%)",9.37,10.68,0.83X
603687,大胜达,2026-07-31,12.5,3.91%,"形态: 两连阴 (-1.26%, -3.76%)",13.97,16.49,1.15X
002681,奋达科技,2026-07-31,8.21,0.61%,趋势: 多头排列 (5>20>60) | 趋势: 高于MA20 | 动量: 突破转强 (阳线上穿5/10),6.59,5.64,1.00X
002293,罗莱生活,2026-07-31,5.21,2.56%,动量: 突破转强 (阳线上穿5/10),7.38,9.33,0.84X
603135,中重科技,2026-07-31,12.55,0.32%,趋势: 高于MA20 | 动量: 突破转强 (阳线上穿5/10),12.17,12.32,1.18X
603879,永悦科技,2026-07-31,5.93,0.51%,趋势: 多头排列 (5>20>60) | 趋势: 高于MA20 | 动量: 突破转强 (阳线上穿5/10),5.20,5.12,0.92X
603022,新通联,2026-07-31,8.01,1.52%,趋势: 高于MA20 | 动量: 突破转强 (阳线上穿5/10),7.81,9.18,0.96X
002675,东诚药业,2026-07-15,13.34,2.14%,量能: 放量 (1.54X) | 趋势: 高于MA20 | 动量: 突破转强 (阳线上穿5/10),12.75,12.77,1.54X
002275,桂林三金,2026-07-15,13.67,1.64%,趋势: 高于MA20 | 动量: 突破转强 (阳线上穿5/10),12.81,13.40,1.21X
600755,厦门国贸,2026-07-31,5.9,0.68%,趋势: 高于MA20 | 动量: 突破转强 (阳线上穿5/10),5.84,5.83,1.01X
002949,华阳国际,2026-07-31,9.98,1.84%,趋势: 高于MA20 | 动量: 突破转强 (阳线上穿5/10),9.80,11.36,1.03X
002215,诺 普 信,2026-07-31,9.27,-0.54%,趋势: 高于MA20,8.83,9.15,0.94X
002277,友阿股份,2026-07-15,5.74,5.32%,"形态: 两连阴 (-5.98%, -0.91%)",5.99,6.26,1.32X
002251,步步高,2026-07-15,3.61,5.56%,趋势: 高于MA20 | 动量: 突破转强 (阳线上穿5/10),3.55,3.98,1.43X
601878,浙商证券,2026-07-15,9.68,1.79%,趋势: 高于MA20 | 动量: 突破转强 (阳线上穿5/10),9.59,9.54,1.35X
002009,天奇股份,2026-07-31,16.54,3.57%,动量: 突破转强 (阳线上穿5/10),17.06,20.98,1.20X
603126,中材节能,2026-07-31,11.32,2.44%,趋势: 多头排列 (5>20>60) | 形态: 10日内有涨停 | 趋势: 高于MA20 | 动量: 突破转强 (阳线上穿5/10),9.11,8.15,0.84X
600712,南宁百货,2026-07-15,4.86,1.89%,趋势: 高于MA20 | 动量: 突破转强 (阳线上穿5/10),4.83,5.55,1.12X
000911,广农糖业,2026-07-15,4.05,-0.74%,"形态: 两连阴 (-4.43%, -0.49%) | 趋势: 高于MA20",4.03,5.12,0.56X
603956,威派格,2026-07-15,5.7,1.60%,"趋势: 多头排列 (5>20>60) | 形态: 两连阴 (-3.87%, -1.92%) | 趋势: 高于MA20",5.65,5.62,0.79X
603000,人民网,2026-07-15,15.82,3.47%,趋势: 高于MA20 | 动量: 突破转强 (阳线上穿5/10),15.35,17.43,1.04X
000953,河化股份,2026-07-15,5.43,1.69%,趋势: 高于MA20 | 动量: 突破转强 (阳线上穿5/10),5.37,6.18,0.90X
601330,绿色动力,2026-07-31,5.95,1.88%,动量: 突破转强 (阳线上穿5/10),6.26,7.71,1.26X
600173,卧龙新能,2026-07-31,13.43,-0.52%,趋势: 多头排列 (5>20>60) | 趋势: 高于MA20,10.22,7.91,0.97X
000877,天山股份,2026-07-15,3.71,1.92%,动量: 突破转强 (阳线上穿5/10),3.74,4.23,1.34X
000859,国风新材,2026-07-31,8.28,-1.08%,形态: 10日内有涨停 | 趋势: 高于MA20,8.01,9.65,1.21X
600650,锦江在线,2026-07-15,9.98,1.63%,趋势: 高于MA20 | 动量: 突破转强 (阳线上穿5/10),9.92,11.29,0.90X
603035,常熟汽饰,2026-07-15,10.95,2.34%,趋势: 高于MA20 | 动量: 突破转强 (阳线上穿5/10),10.87,12.16,0.91X
603238,诺邦股份,2026-07-15,11.64,1.31%,趋势: 高于MA20 | 动量: 突破转强 (阳线上穿5/10),11.55,13.49,0.74X
001201,东瑞股份,2026-07-15,11.81,1.29%,趋势: 高于MA20 | 动量: 突破转强 (阳线上穿5/10),11.19,11.96,1.12X
603006,联明股份,2026-07-15,10.9,-2.24%,"形态: 两连阴 (-10.02%, -0.62%)",13.35,13.53,0.79X
600237,铜峰电子,2026-07-31,6.48,-0.61%,形态: 10日内有涨停,8.01,10.00,0.72X
601107,四川成渝,2026-07-15,5.43,1.50%,趋势: 高于MA20 | 动量: 突破转强 (阳线上穿5/10),5.23,5.84,0.83X
002233,塔牌集团,2026-07-15,7.4,0.54%,趋势: 高于MA20,7.40,8.13,1.23X
600783,鲁信创投,2026-07-31,16.07,3.34%,动量: 突破转强 (阳线上穿5/10),16.35,20.12,1.12X
000610,西安旅游,2026-07-31,11.37,-2.49%,趋势: 多头排列 (5>20>60) | 趋势: 高于MA20,8.85,7.58,0.85X
601998,中信银行,2026-07-31,6.51,9.97%,"形态: 10日内有涨停 | 形态: 两连阴 (-0.64%, -4.36%) | 动量: 突破转强 (阳线上穿5/10)",6.78,7.31,0.99X
601366,利群股份,2026-07-15,3.54,1.43%,趋势: 高于MA20 | 动量: 突破转强 (阳线上穿5/10),3.41,3.70,0.96X
002727,一心堂,2026-07-15,11.15,3.24%,趋势: 高于MA20 | 动量: 突破转强 (阳线上穿5/10),10.36,11.47,1.22X
000922,佳电股份,2026-07-31,10.9,0.65%,动量: 突破转强 (阳线上穿5/10),11.26,13.11,1.12X
600151,航天机电,2026-07-31,10.11,2.33%,趋势: 高于MA20 | 动量: 突破转强 (阳线上穿5/10),9.57,11.88,0.95X
001289,龙源电力,2026-07-15,16.24,3.11%,趋势: 高于MA20 | 动量: 突破转强 (阳线上穿5/10),16.08,17.00,1.35X
601969,海南矿业,2026-07-15,8.47,-1.17%,形态: 10日内有涨停 | 趋势: 高于MA20,8.38,9.87,1.32X
605108,同庆楼,2026-07-15,11.95,1.88%,趋势: 高于MA20 | 动量: 突破转强 (阳线上穿5/10),11.80,13.66,1.34X
000881,中广核技,2026-07-31,16.38,-2.38%,趋势: 多头排列 (5>20>60) | 趋势: 高于MA20,12.33,8.98,1.15X
002584,西陇科学,2026-07-15,8.23,0.98%,形态: 10日内有涨停,9.41,8.44,0.86X
601956,东贝集团,2026-07-31,7.03,3.23%,趋势: 多头排列 (5>20>60) | 趋势: 高于MA20 | 动量: 突破转强 (阳线上穿5/10),5.85,5.43,1.28X
000153,丰原药业,2026-07-31,4.93,2.92%,动量: 突破转强 (阳线上穿5/10),5.04,5.46,1.01X
002757,南兴股份,2026-07-15,16.7,0.24%,"形态: 10日内有涨停 | 形态: 两连阴 (-6.22%, -1.30%)",18.61,22.85,0.53X
000700,模塑科技,2026-07-31,10.18,7.27%,"形态: 两连阴 (-0.87%, -7.59%)",12.61,14.25,1.44X
002031,巨轮智能,2026-07-31,4.9,4.26%,动量: 突破转强 (阳线上穿5/10),5.01,6.02,1.45X
002548,金新农,2026-07-15,4.19,4.75%,"量能: 放量 (1.56X) | 形态: 10日内有涨停 | 形态: 两连阴 (-3.34%, -1.23%) | 趋势: 高于MA20 | 动量: 突破转强 (阳线上穿5/10)",3.89,4.33,1.56X
603858,步长制药,2026-07-15,16.05,1.07%,趋势: 高于MA20 | 动量: 突破转强 (阳线上穿5/10),15.30,15.57,1.06X
601658,邮储银行,2026-07-15,5.09,0.99%,趋势: 高于MA20 | 动量: 突破转强 (阳线上穿5/10),4.98,5.02,0.98X
600956,新天绿能,2026-07-15,7.19,1.41%,趋势: 高于MA20 | 动量: 突破转强 (阳线上穿5/10),7.13,8.17,1.03X
002391,长青股份,2026-07-15,5.18,0.58%,趋势: 高于MA20 | 动量: 突破转强 (阳线上穿5/10),5.10,5.71,1.23X
600620,天宸股份,2026-07-15,4.09,1.74%,趋势: 高于MA20 | 动量: 突破转强 (阳线上穿5/10),4.06,4.84,1.14X
600032,浙江新能,2026-07-31,12.57,1.37%,趋势: 多头排列 (5>20>60) | 趋势: 高于MA20 | 动量: 突破转强 (阳线上穿5/10),9.91,9.52,0.87X
000715,中兴商业,2026-07-15,4.92,1.23%,趋势: 高于MA20 | 动量: 突破转强 (阳线上穿5/10),4.76,5.26,1.50X
600744,华银电力,2026-07-31,12.37,0.90%,趋势: 多头排列 (5>20>60) | 趋势: 高于MA20 | 动量: 突破转强 (阳线上穿5/10),9.38,8.31,1.01X
600969,郴电国际,2026-07-15,7.75,4.03%,动量: 突破转强 (阳线上穿5/10),7.82,9.61,1.44X
603387,基蛋生物,2026-07-15,9.23,10.01%,量能: 放量 (2.12X) | 形态: 10日内有涨停 | 趋势: 高于MA20 | 动量: 突破转强 (阳线上穿5/10),8.12,8.77,2.12X
600080,金花股份,2026-07-15,5.02,2.03%,趋势: 高于MA20 | 动量: 突破转强 (阳线上穿5/10),4.72,5.73,0.93X
003000,劲仔食品,2026-07-15,10.64,1.82%,趋势: 高于MA20 | 动量: 突破转强 (阳线上穿5/10),10.14,10.87,1.06X
600551,时代出版,2026-07-15,6.83,2.09%,趋势: 高于MA20 | 动量: 突破转强 (阳线上穿5/10),6.83,7.48,1.09X
601163,三角轮胎,2026-07-31,4.48,2.05%,动量: 突破转强 (阳线上穿5/10),7.85,11.83,1.18X
601788,光大证券,2026-07-31,5.45,2.06%,动量: 突破转强 (阳线上穿5/10),9.19,12.80,0.84X
000006,深振业Ａ,2026-07-15,6.48,0.15%,"形态: 两连阴 (-6.64%, -2.12%)",7.24,8.69,0.72X
002982,湘佳股份,2026-07-15,12.03,1.26%,"形态: 两连阴 (-0.41%, -1.82%) | 趋势: 高于MA20 | 动量: 突破转强 (阳线上穿5/10)",11.65,12.99,0.90X
000670,盈方微,2026-07-15,6.25,-3.25%,"形态: 两连阴 (-8.72%, -0.46%)",7.44,8.16,0.65X
000017,深中华A,2026-07-15,5.89,1.55%,趋势: 高于MA20,5.71,5.80,0.57X
003016,欣贺股份,2026-07-31,6.63,0.61%,趋势: 高于MA20 | 动量: 突破转强 (阳线上穿5/10),6.41,6.95,0.86X
002543,万和电气,2026-07-15,6.59,0.46%,趋势: 高于MA20 | 动量: 突破转强 (阳线上穿5/10),6.43,7.37,1.36X
600579,中化装备,2026-07-31,7.11,0.99%,动量: 突破转强 (阳线上穿5/10),7.24,7.21,0.88X
002033,丽江股份,2026-07-15,8.4,1.57%,趋势: 高于MA20 | 动量: 突破转强 (阳线上穿5/10),8.38,8.91,1.03X
600975,新五丰,2026-07-15,5.11,0.00%,趋势: 高于MA20,4.69,5.08,0.99X
002585,双星新材,2026-07-15,9.24,-2.53%,形态: 10日内有涨停,12.00,10.40,0.78X
600573,惠泉啤酒,2026-07-15,9.26,1.87%,动量: 突破转强 (阳线上穿5/10),9.49,11.80,1.04X
002347,泰尔股份,2026-07-31,5.62,3.12%,趋势: 高于MA20 | 动量: 突破转强 (阳线上穿5/10),5.39,6.52,0.98X
603010,万盛股份,2026-07-31,9.91,1.02%,动量: 突破转强 (阳线上穿5/10),11.88,13.89,0.83X
600058,五矿发展,2026-07-31,9.59,-0.31%,趋势: 高于MA20,9.39,10.27,0.70X
603272,联翔股份,2026-07-15,16.23,-9.98%,"形态: 两连阴 (-10.01%, -9.26%)",24.18,29.91,1.26X
002148,北纬科技,2026-07-15,5.99,-0.50%,形态: 10日内有涨停,6.19,6.87,0.64X
002646,天佑德酒,2026-07-31,13.22,5.42%,趋势: 多头排列 (5>20>60) | 趋势: 高于MA20,11.32,8.60,0.82X
605567,春雪食品,2026-07-15,8.45,1.93%,趋势: 高于MA20 | 动量: 突破转强 (阳线上穿5/10),8.35,9.62,0.70X
600577,精达股份,2026-07-31,7.75,1.84%,动量: 突破转强 (阳线上穿5/10),7.80,10.79,1.07X
002763,汇洁股份,2026-07-31,7.21,2.27%,趋势: 高于MA20 | 动量: 突破转强 (阳线上穿5/10),6.93,7.63,1.04X
600371,万向德农,2026-07-15,6.81,1.34%,趋势: 高于MA20 | 动量: 突破转强 (阳线上穿5/10),6.59,7.54,0.97X
600271,航天信息,2026-07-31,6.99,2.34%,趋势: 高于MA20 | 动量: 突破转强 (阳线上穿5/10),6.64,7.18,1.27X
600867,通化东宝,2026-07-15,8.6,3.49%,量能: 放量 (1.67X) | 趋势: 高于MA20 | 动量: 突破转强 (阳线上穿5/10),7.99,8.48,1.67X
600826,兰生股份,2026-07-15,8.48,2.17%,"形态: 两连阴 (-3.44%, -4.49%)",9.14,9.31,0.88X
002968,新大正,2026-07-31,8.59,1.78%,趋势: 高于MA20 | 动量: 突破转强 (阳线上穿5/10),8.32,9.39,1.00X
600873,梅花生物,2026-07-15,8.62,3.23%,趋势: 高于MA20 | 动量: 突破转强 (阳线上穿5/10),7.99,9.06,1.13X
603928,兴业股份,2026-07-15,13.71,-9.98%,"形态: 10日内有涨停 | 形态: 两连阴 (-10.00%, -9.99%)",14.46,15.33,0.67X
600797,浙大网新,2026-07-31,7.51,-1.18%,量能: 放量 (1.59X) | 趋势: 高于MA20,6.94,7.47,1.59X
002507,涪陵榨菜,2026-07-15,11.53,2.40%,趋势: 高于MA20 | 动量: 突破转强 (阳线上穿5/10),11.17,11.73,1.28X
600123,兰花科创,2026-07-15,6.33,5.15%,量能: 放量 (1.57X) | 趋势: 高于MA20 | 动量: 突破转强 (阳线上穿5/10),5.82,6.42,1.57X
002376,新北洋,2026-07-31,6.93,5.16%,"趋势: 多头排列 (5>20>60) | 形态: 10日内有涨停 | 形态: 两连阴 (-3.40%, -7.31%) | 趋势: 高于MA20",6.59,6.52,0.64X
000598,兴蓉环境,2026-07-15,6.9,1.77%,趋势: 高于MA20 | 动量: 突破转强 (阳线上穿5/10),6.67,6.77,1.18X
600917,重庆燃气,2026-07-15,4.91,0.61%,趋势: 高于MA20 | 动量: 突破转强 (阳线上穿5/10),4.77,5.09,0.93X
600671,天目药业,2026-07-15,19.78,1.18%,形态: 10日内有涨停 | 趋势: 高于MA20,18.15,18.32,1.13X
600372,中航机载,2026-07-31,11.34,0.44%,趋势: 高于MA20 | 动量: 突破转强 (阳线上穿5/10),11.21,11.41,0.98X
000571,新大洲A,2026-07-15,6.51,9.97%,"形态: 10日内有涨停 | 形态: 两连阴 (-6.88%, -0.67%) | 趋势: 高于MA20",6.33,5.85,0.80X
600051,宁波联合,2026-07-15,6.02,1.35%,趋势: 高于MA20 | 动量: 突破转强 (阳线上穿5/10),5.89,6.72,1.14X
603336,宏辉果蔬,2026-07-31,11.14,-1.24%,"形态: 两连阴 (-0.96%, -0.09%) | 趋势: 高于MA20",9.75,9.83,1.04X
600827,百联股份,2026-07-15,7.85,0.77%,趋势: 高于MA20 | 动量: 突破转强 (阳线上穿5/10),7.71,8.04,1.45X
001313,粤海饲料,2026-07-31,7.2,1.41%,动量: 突破转强 (阳线上穿5/10),7.40,7.86,1.26X
002274,华昌化工,2026-07-15,5.59,2.76%,"形态: 10日内有涨停 | 形态: 两连阴 (-4.86%, -0.73%) | 趋势: 高于MA20 | 动量: 突破转强 (阳线上穿5/10)",5.07,5.69,0.81X
603356,华菱精工,2026-07-15,15.21,-0.59%,"形态: 10日内有涨停 | 形态: 两连阴 (-5.89%, -0.26%)",17.07,17.61,0.55X
600894,广日股份,2026-07-15,7.74,1.31%,动量: 突破转强 (阳线上穿5/10),7.87,8.62,0.98X
603258,电魂网络,2026-07-15,11.64,3.28%,"形态: 两连阴 (-4.70%, -0.70%)",12.05,14.31,0.96X
000899,赣能股份,2026-07-15,9.83,1.97%,动量: 突破转强 (阳线上穿5/10),10.08,12.27,0.99X
002600,领益智造,2026-07-15,12.71,-2.00%,"形态: 两连阴 (-10.03%, -4.91%)",16.04,15.37,0.65X
600784,鲁银投资,2026-07-15,7.6,4.54%,"形态: 两连阴 (-1.88%, -0.55%) | 趋势: 高于MA20 | 动量: 突破转强 (阳线上穿5/10)",7.16,7.43,1.40X
600738,丽尚国潮,2026-07-15,3.89,1.30%,趋势: 高于MA20 | 动量: 突破转强 (阳线上穿5/10),3.77,4.24,1.17X
600375,汉马科技,2026-07-31,7.29,0.83%,趋势: 多头排列 (5>20>60) | 趋势: 高于MA20 | 动量: 突破转强 (阳线上穿5/10),5.76,4.78,1.19X
600250,南京商旅,2026-07-15,7.92,1.02%,动量: 突破转强 (阳线上穿5/10),7.97,9.28,0.67X
600667,太极实业,2026-07-15,20.81,-8.04%,"形态: 10日内有涨停 | 形态: 两连阴 (-10.02%, -0.44%)",25.15,16.97,0.75X
605222,起帆电缆,2026-07-15,18.98,-2.67%,"形态: 两连阴 (-6.46%, -0.26%)",22.49,29.19,0.60X
600824,益民集团,2026-07-31,3.56,0.56%,趋势: 高于MA20 | 动量: 突破转强 (阳线上穿5/10),3.46,3.63,0.83X
601169,北京银行,2026-07-15,5.08,1.40%,趋势: 高于MA20 | 动量: 突破转强 (阳线上穿5/10),5.03,5.16,1.10X
600163,中闽能源,2026-07-15,4.9,1.45%,动量: 突破转强 (阳线上穿5/10),5.11,6.02,0.92X
601008,连云港,2026-07-15,4.27,1.18%,趋势: 高于MA20 | 动量: 突破转强 (阳线上穿5/10),4.19,4.51,1.23X
002434,万里扬,2026-07-15,5.66,-1.57%,"形态: 10日内有涨停 | 形态: 两连阴 (-3.50%, -0.69%)",6.20,6.98,0.83X
600497,驰宏锌锗,2026-07-15,9.44,-3.58%,形态: 10日内有涨停,10.87,9.96,1.00X
605266,健之佳,2026-07-15,16.7,2.08%,趋势: 高于MA20 | 动量: 突破转强 (阳线上穿5/10),15.61,17.72,1.33X
605189,富春染织,2026-07-15,15.64,9.99%,量能: 放量 (1.65X) | 形态: 10日内有涨停 | 趋势: 高于MA20 | 动量: 突破转强 (阳线上穿5/10),13.75,15.46,1.65X
000825,太钢不锈,2026-07-15,3.51,2.03%,趋势: 高于MA20 | 动量: 突破转强 (阳线上穿5/10),3.51,3.90,1.05X
600829,人民同泰,2026-07-15,9.89,10.01%,量能: 放量 (2.22X) | 形态: 10日内有涨停 | 趋势: 高于MA20 | 动量: 突破转强 (阳线上穿5/10),8.24,8.85,2.22X
601611,中国核建,2026-07-15,9.86,0.92%,"形态: 两连阴 (-4.36%, -1.01%)",10.58,11.91,0.63X
603045,福达合金,2026-07-15,67.8,1.50%,"形态: 两连阴 (-5.40%, -0.89%)",75.87,67.76,1.28X
600897,厦门空港,2026-07-15,14.85,1.30%,趋势: 高于MA20 | 动量: 突破转强 (阳线上穿5/10),14.77,15.20,1.03X
002320,海峡股份,2026-07-15,6.36,1.27%,动量: 突破转强 (阳线上穿5/10),6.46,7.41,1.01X
600251,冠农股份,2026-07-15,9.06,2.14%,趋势: 高于MA20 | 动量: 突破转强 (阳线上穿5/10),8.90,10.32,1.13X
002182,宝武镁业,2026-07-31,9.63,1.37%,动量: 突破转强 (阳线上穿5/10),10.74,13.31,0.97X
000886,海南高速,2026-07-15,4.42,5.24%,量能: 放量 (1.67X) | 趋势: 高于MA20 | 动量: 突破转强 (阳线上穿5/10),4.20,4.79,1.67X
605077,华康股份,2026-07-31,11.01,1.01%,趋势: 高于MA20 | 动量: 突破转强 (阳线上穿5/10),10.50,13.41,0.89X
603042,华脉科技,2026-07-15,11.92,-3.17%,量能: 放量 (1.92X) | 形态: 10日内有涨停,14.63,18.59,1.92X
600748,上实发展,2026-07-15,3.67,2.51%,动量: 突破转强 (阳线上穿5/10),3.76,4.56,1.10X
002249,大洋电机,2026-07-31,7.4,2.07%,趋势: 高于MA20 | 动量: 突破转强 (阳线上穿5/10),7.16,8.15,1.18X
601199,江南水务,2026-07-15,5.67,0.53%,"形态: 两连阴 (-1.03%, -2.25%)",5.79,5.79,0.51X
002098,浔兴股份,2026-07-15,6.56,1.55%,动量: 突破转强 (阳线上穿5/10),6.60,7.56,0.94X
605050,福然德,2026-07-15,10.26,7.10%,量能: 放量 (2.21X) | 趋势: 高于MA20 | 动量: 突破转强 (阳线上穿5/10),9.78,11.12,2.21X
600966,博汇纸业,2026-07-31,4.92,1.23%,趋势: 高于MA20 | 动量: 突破转强 (阳线上穿5/10),4.72,5.33,0.83X
600377,宁沪高速,2026-07-31,12.8,2.40%,趋势: 多头排列 (5>20>60) | 趋势: 高于MA20 | 动量: 突破转强 (阳线上穿5/10),12.56,12.39,1.24X
600828,茂业商业,2026-07-15,3.65,1.96%,趋势: 高于MA20 | 动量: 突破转强 (阳线上穿5/10),3.63,4.36,1.25X
600490,鹏欣资源,2026-07-15,5.88,-0.84%,形态: 10日内有涨停,6.28,7.41,1.01X
603909,建发合诚,2026-07-15,8.93,2.17%,趋势: 高于MA20 | 动量: 突破转强 (阳线上穿5/10),8.91,10.49,1.13X
600379,宝光股份,2026-07-15,13.03,-2.10%,"形态: 两连阴 (-8.32%, -1.77%)",14.42,14.28,0.48X
600480,凌云股份,2026-07-15,8.39,0.60%,"形态: 10日内有涨停 | 形态: 两连阴 (-5.00%, -0.24%)",8.84,10.36,0.69X
002917,金奥博,2026-07-31,11.64,0.09%,趋势: 高于MA20 | 动量: 突破转强 (阳线上穿5/10),10.85,12.05,0.93X
000404,长虹华意,2026-07-15,7.55,2.03%,"形态: 两连阴 (-1.85%, -0.13%)",7.78,8.22,0.64X
001387,雪祺电气,2026-07-31,7.18,1.56%,动量: 突破转强 (阳线上穿5/10),9.06,11.76,0.97X
600780,通宝能源,2026-07-15,5.95,0.85%,动量: 突破转强 (阳线上穿5/10),5.99,6.72,0.74X
002100,天康生物,2026-07-31,11.35,4.22%,"趋势: 多头排列 (5>20>60) | 形态: 两连阴 (-0.53%, -4.14%) | 趋势: 高于MA20",9.56,7.61,1.45X
601886,江河集团,2026-07-15,8.23,5.11%,量能: 放量 (1.55X) | 动量: 突破转强 (阳线上穿5/10),8.25,8.92,1.55X
603456,九洲药业,2026-07-31,10.24,2.30%,动量: 突破转强 (阳线上穿5/10),11.83,12.63,1.02X
600201,生物股份,2026-07-15,12.21,2.52%,趋势: 高于MA20,12.06,12.90,1.07X
603053,成都燃气,2026-07-15,8.84,0.91%,趋势: 高于MA20 | 动量: 突破转强 (阳线上穿5/10),8.66,9.24,1.21X
002073,软控股份,2026-07-31,7.73,1.31%,趋势: 多头排列 (5>20>60) | 趋势: 高于MA20 | 动量: 突破转强 (阳线上穿5/10),6.68,6.04,0.94X
601528,瑞丰银行,2026-07-15,4.8,2.56%,趋势: 高于MA20 | 动量: 突破转强 (阳线上穿5/10),4.60,4.84,1.08X
002732,燕塘乳业,2026-07-15,13.02,1.72%,趋势: 高于MA20 | 动量: 突破转强 (阳线上穿5/10),12.89,14.48,1.08X
002144,宏达高科,2026-07-15,10.37,1.47%,形态: 10日内有涨停 | 趋势: 高于MA20 | 动量: 突破转强 (阳线上穿5/10),10.27,12.17,0.73X
601999,出版传媒,2026-07-31,6.52,1.87%,趋势: 多头排列 (5>20>60) | 趋势: 高于MA20 | 动量: 突破转强 (阳线上穿5/10),6.19,6.14,1.02X
002480,新筑股份,2026-07-15,5.29,0.00%,趋势: 高于MA20,5.24,5.88,0.91X
000520,凤凰航运,2026-07-15,4.04,-0.98%,形态: 10日内有涨停,4.21,4.10,0.83X
002565,顺灏股份,2026-07-31,8.44,4.07%,"形态: 两连阴 (-2.99%, -3.91%)",9.46,13.27,1.02X
600530,交大昂立,2026-07-15,5.32,0.76%,形态: 10日内有涨停,5.42,6.04,1.17X
000425,徐工机械,2026-07-15,8.39,2.07%,量能: 放量 (1.60X),8.48,9.35,1.60X
000617,中油资本,2026-07-31,7.2,0.42%,趋势: 高于MA20 | 动量: 突破转强 (阳线上穿5/10),6.85,7.44,0.96X
603798,康普顿,2026-07-15,11.66,-3.16%,形态: 10日内有涨停,14.06,16.06,1.01X
605218,伟时电子,2026-07-15,13.55,0.15%,"形态: 两连阴 (-8.07%, -0.15%)",15.91,17.29,0.88X
002771,真视通,2026-07-15,11.75,-1.67%,"形态: 10日内有涨停 | 形态: 两连阴 (-7.35%, -2.29%)",13.20,14.81,0.76X
603707,健友股份,2026-07-15,7.99,1.78%,趋势: 高于MA20 | 动量: 突破转强 (阳线上穿5/10),7.35,8.16,1.15X
001210,金房能源,2026-07-31,17.33,2.30%,"形态: 两连阴 (-0.57%, -3.64%)",18.82,23.96,0.95X
000967,盈峰环境,2026-07-31,7.85,9.94%,形态: 10日内有涨停 | 动量: 突破转强 (阳线上穿5/10),8.01,10.33,0.53X
002950,奥美医疗,2026-07-31,8.72,2.35%,趋势: 高于MA20 | 动量: 突破转强 (阳线上穿5/10),8.65,9.66,1.07X
603201,XD常润股,2026-07-31,9.69,1.25%,动量: 突破转强 (阳线上穿5/10),11.52,15.05,1.04X
600507,方大特钢,2026-07-31,12.87,0.00%,趋势: 多头排列 (5>20>60) | 趋势: 高于MA20,9.19,6.11,0.91X
603439,贵州三力,2026-07-15,11.64,1.66%,"形态: 两连阴 (-4.09%, -0.35%)",13.31,13.32,1.21X
002221,东华能源,2026-07-15,5.44,1.30%,动量: 突破转强 (阳线上穿5/10),5.48,6.72,1.05X
600064,南京高科,2026-07-15,7.63,1.87%,趋势: 高于MA20 | 动量: 突破转强 (阳线上穿5/10),7.37,7.65,1.09X
002900,哈三联,2026-07-15,11.19,10.03%,量能: 放量 (1.86X) | 形态: 10日内有涨停 | 趋势: 高于MA20 | 动量: 突破转强 (阳线上穿5/10),9.82,10.46,1.86X
002636,金安国纪,2026-07-15,94.79,-0.93%,形态: 10日内有涨停,104.65,70.31,1.46X
601033,永兴股份,2026-07-15,14.03,0.57%,趋势: 高于MA20 | 动量: 突破转强 (阳线上穿5/10),13.78,14.42,0.77X
002925,盈趣科技,2026-07-15,22.68,5.78%,动量: 突破转强 (阳线上穿5/10),23.04,21.47,0.93X
603896,寿仙谷,2026-07-31,12.88,1.42%,动量: 突破转强 (阳线上穿5/10),13.36,14.73,1.15X
002824,和胜股份,2026-07-15,25.38,-1.97%,"形态: 两连阴 (-10.00%, -6.26%)",33.34,29.05,0.87X
600918,中泰证券,2026-07-31,13.26,-0.45%,趋势: 多头排列 (5>20>60) | 趋势: 高于MA20,9.86,6.97,0.85X
600586,金晶科技,2026-07-31,4.25,0.95%,趋势: 高于MA20 | 动量: 突破转强 (阳线上穿5/10),4.09,4.78,0.97X
000599,青岛双星,2026-07-15,4.5,2.51%,趋势: 高于MA20 | 动量: 突破转强 (阳线上穿5/10),4.40,5.05,1.25X
600603,广汇物流,2026-07-15,4.49,3.22%,趋势: 高于MA20 | 动量: 突破转强 (阳线上穿5/10),4.43,5.14,1.16X
601939,建设银行,2026-07-15,10.0,-0.40%,趋势: 高于MA20,9.87,9.94,0.80X
000519,中兵红箭,2026-07-15,14.83,-2.05%,"形态: 两连阴 (-9.99%, -3.99%)",19.52,18.75,0.65X
000619,海螺新材,2026-07-31,6.06,2.54%,趋势: 高于MA20 | 动量: 突破转强 (阳线上穿5/10),5.12,5.27,0.98X
605377,华旺科技,2026-07-31,8.8,1.97%,"形态: 两连阴 (-1.54%, -3.36%)",9.39,9.12,0.67X
002345,潮宏基,2026-07-15,10.29,6.08%,趋势: 高于MA20 | 动量: 突破转强 (阳线上穿5/10),9.71,9.81,1.34X
002119,康强电子,2026-07-31,18.95,2.54%,动量: 突破转强 (阳线上穿5/10),24.14,27.00,1.37X
002107,沃华医药,2026-07-15,6.95,7.92%,量能: 放量 (1.58X) | 趋势: 高于MA20 | 动量: 突破转强 (阳线上穿5/10),6.13,6.63,1.58X
600189,泉阳泉,2026-07-15,7.61,2.42%,趋势: 高于MA20 | 动量: 突破转强 (阳线上穿5/10),7.49,7.97,0.98X
601118,海南橡胶,2026-07-15,4.95,2.06%,动量: 突破转强 (阳线上穿5/10),5.08,6.15,1.06X
600589,大位科技,2026-07-15,7.59,0.66%,"形态: 两连阴 (-9.99%, -3.83%)",9.38,10.67,0.93X
002363,隆基机械,2026-07-31,6.27,2.28%,趋势: 高于MA20 | 动量: 突破转强 (阳线上穿5/10),6.09,6.78,1.04X
002414,高德红外,2026-07-15,13.32,-2.06%,"形态: 10日内有涨停 | 形态: 两连阴 (-4.44%, -2.79%) | 趋势: 高于MA20",13.29,13.58,0.76X
605300,佳禾食品,2026-07-15,9.21,2.56%,趋势: 高于MA20 | 动量: 突破转强 (阳线上穿5/10),9.07,9.95,1.21X
002020,京新药业,2026-07-15,15.31,3.94%,形态: 10日内有涨停 | 趋势: 高于MA20 | 动量: 突破转强 (阳线上穿5/10),13.48,13.79,1.35X
600769,祥龙电业,2026-07-15,16.43,-3.64%,形态: 10日内有涨停,19.27,17.97,0.69X
002561,徐家汇,2026-07-31,7.59,2.02%,趋势: 高于MA20 | 动量: 突破转强 (阳线上穿5/10),6.94,7.04,0.91X
600470,六国化工,2026-07-15,5.72,1.60%,"趋势: 多头排列 (5>20>60) | 形态: 10日内有涨停 | 形态: 两连阴 (-10.06%, -10.06%)",6.22,6.18,0.75X
603101,汇嘉时代,2026-07-15,7.11,3.34%,趋势: 高于MA20 | 动量: 突破转强 (阳线上穿5/10),6.67,7.86,0.90X
600513,联环药业,2026-07-15,19.15,7.46%,量能: 放量 (1.51X) | 形态: 10日内有涨停 | 趋势: 高于MA20 | 动量: 突破转强 (阳线上穿5/10),15.66,17.98,1.51X
600127,金健米业,2026-07-15,5.65,-0.18%,趋势: 高于MA20,5.41,6.07,0.97X
002707,众信旅游,2026-07-15,4.82,1.47%,动量: 突破转强 (阳线上穿5/10),4.92,5.88,1.24X
603697,有友食品,2026-07-15,10.57,4.04%,"形态: 两连阴 (-0.97%, -0.39%) | 趋势: 高于MA20 | 动量: 突破转强 (阳线上穿5/10)",10.34,10.62,1.09X
600996,贵广网络,2026-07-15,6.43,0.31%,动量: 突破转强 (阳线上穿5/10),7.33,8.37,0.60X
600399,抚顺特钢,2026-07-31,4.2,0.72%,趋势: 高于MA20 | 动量: 突破转强 (阳线上穿5/10),3.97,4.47,0.98X
002078,太阳纸业,2026-07-15,13.95,3.03%,趋势: 高于MA20 | 动量: 突破转强 (阳线上穿5/10),12.73,13.50,1.04X
000532,华金资本,2026-07-31,10.65,0.76%,趋势: 高于MA20 | 动量: 突破转强 (阳线上穿5/10),10.32,11.48,0.74X
601339,百隆东方,2026-07-15,8.29,6.42%,趋势: 高于MA20 | 动量: 突破转强 (阳线上穿5/10),7.22,7.74,1.31X
600638,新黄浦,2026-07-31,4.86,-0.82%,趋势: 高于MA20,4.54,5.13,0.85X
002671,龙泉股份,2026-07-31,15.16,1.00%,趋势: 多头排列 (5>20>60) | 趋势: 高于MA20 | 动量: 突破转强 (阳线上穿5/10),9.94,6.16,1.15X
002115,三维通信,2026-07-31,11.23,9.99%,"量能: 放量 (1.69X) | 形态: 10日内有涨停 | 形态: 两连阴 (-1.11%, -4.58%) | 趋势: 高于MA20 | 动量: 突破转强 (阳线上穿5/10)",10.76,11.83,1.69X
603898,好莱客,2026-07-15,13.84,-3.28%,"趋势: 多头排列 (5>20>60) | 形态: 10日内有涨停 | 形态: 两连阴 (-4.78%, -1.58%)",14.12,13.34,0.71X
600765,中航重机,2026-07-31,13.63,-0.07%,趋势: 高于MA20,13.16,13.94,0.98X
000626,远大控股,2026-07-15,6.77,3.20%,量能: 放量 (1.73X) | 趋势: 高于MA20 | 动量: 突破转强 (阳线上穿5/10),6.57,7.70,1.73X
600446,金证股份,2026-07-15,10.15,2.73%,动量: 突破转强 (阳线上穿5/10),10.57,12.33,1.04X
002753,永东股份,2026-07-15,6.06,2.02%,趋势: 高于MA20 | 动量: 突破转强 (阳线上穿5/10),5.98,6.61,0.92X
001872,招商港口,2026-07-15,21.04,-3.04%,趋势: 高于MA20,20.42,21.44,1.19X
002462,嘉事堂,2026-07-15,11.85,2.51%,趋势: 高于MA20 | 动量: 突破转强 (阳线上穿5/10),11.67,13.03,1.25X
002809,红墙股份,2026-07-31,22.76,5.22%,"趋势: 多头排列 (5>20>60) | 形态: 10日内有涨停 | 形态: 两连阴 (-10.00%, -2.30%) | 趋势: 高于MA20",16.47,11.54,1.06X
605208,永茂泰,2026-07-31,11.96,10.03%,"形态: 10日内有涨停 | 形态: 两连阴 (-1.53%, -6.29%)",15.07,15.09,1.16X
600292,远达环保,2026-07-15,12.5,1.30%,动量: 突破转强 (阳线上穿5/10),12.83,14.16,1.31X
002566,益盛药业,2026-07-31,7.57,2.16%,形态: 10日内有涨停 | 趋势: 高于MA20 | 动量: 突破转强 (阳线上穿5/10),6.97,7.05,1.22X
603918,金桥信息,2026-07-15,9.52,2.59%,"形态: 两连阴 (-3.83%, -0.22%) | 动量: 突破转强 (阳线上穿5/10)",9.75,11.55,1.00X
000650,仁和药业,2026-07-15,5.6,2.75%,趋势: 高于MA20 | 动量: 突破转强 (阳线上穿5/10),5.24,5.41,1.20X
003042,中农联合,2026-07-15,12.49,0.89%,动量: 突破转强 (阳线上穿5/10),12.58,14.73,0.88X
600771,广誉远,2026-07-15,15.3,1.32%,趋势: 高于MA20 | 动量: 突破转强 (阳线上穿5/10),13.86,15.06,0.97X
002493,荣盛石化,2026-07-31,12.36,-1.20%,趋势: 高于MA20,11.61,11.71,0.82X
000166,申万宏源,2026-07-31,4.65,0.22%,趋势: 多头排列 (5>20>60) | 趋势: 高于MA20 | 动量: 突破转强 (阳线上穿5/10),4.51,4.50,0.99X
002423,中粮资本,2026-07-15,8.95,2.87%,趋势: 高于MA20 | 动量: 突破转强 (阳线上穿5/10),8.81,9.57,1.29X
002483,润邦股份,2026-07-15,5.09,0.79%,趋势: 高于MA20 | 动量: 突破转强 (阳线上穿5/10),5.07,5.79,0.76X
601965,中国汽研,2026-07-31,11.14,-0.98%,形态: 10日内有涨停,11.21,13.57,1.37X
002910,庄园牧场,2026-07-15,9.19,1.10%,"形态: 10日内有涨停 | 形态: 两连阴 (-9.96%, -5.11%)",11.29,10.79,0.75X
002577,雷柏科技,2026-07-31,7.29,1.39%,形态: 10日内有涨停 | 动量: 突破转强 (阳线上穿5/10),11.60,16.17,0.73X
600241,时代万恒,2026-07-15,6.88,0.15%,形态: 10日内有涨停 | 趋势: 高于MA20 | 动量: 突破转强 (阳线上穿5/10),6.80,8.01,0.75X
603332,苏州龙杰,2026-07-15,10.59,2.52%,动量: 突破转强 (阳线上穿5/10),10.62,12.35,1.32X
600390,五矿资本,2026-07-31,15.94,-3.63%,趋势: 多头排列 (5>20>60) | 量能: 放量 (1.99X) | 趋势: 高于MA20,11.40,7.02,1.99X
002611,东方精工,2026-07-31,15.97,1.78%,趋势: 高于MA20 | 动量: 突破转强 (阳线上穿5/10),15.55,17.30,0.92X
600929,雪天盐业,2026-07-15,4.74,1.28%,动量: 突破转强 (阳线上穿5/10),4.75,5.69,0.84X
603706,东方环宇,2026-07-31,17.83,-1.05%,趋势: 高于MA20,17.62,20.05,1.10X
600727,鲁北化工,2026-07-31,16.39,0.18%,趋势: 多头排列 (5>20>60) | 趋势: 高于MA20 | 动量: 突破转强 (阳线上穿5/10),12.40,9.38,0.83X
601236,红塔证券,2026-07-15,7.12,3.34%,量能: 放量 (1.76X) | 趋势: 高于MA20 | 动量: 突破转强 (阳线上穿5/10),6.93,7.12,1.76X
601811,新华文轩,2026-07-15,12.07,2.55%,趋势: 高于MA20 | 动量: 突破转强 (阳线上穿5/10),11.42,12.61,1.19X
600084,中信尼雅,2026-07-15,4.45,4.46%,趋势: 高于MA20 | 动量: 突破转强 (阳线上穿5/10),4.11,4.82,1.06X
002715,登云股份,2026-07-31,11.42,0.44%,动量: 突破转强 (阳线上穿5/10),12.43,14.45,0.99X
600861,北京人力,2026-07-31,7.94,-0.63%,形态: 10日内有涨停,9.54,12.57,0.46X
002313,日海智能,2026-07-15,7.94,1.40%,趋势: 高于MA20 | 动量: 突破转强 (阳线上穿5/10),7.79,8.82,0.91X
600048,保利发展,2026-07-15,4.91,4.03%,趋势: 高于MA20 | 动量: 突破转强 (阳线上穿5/10),4.76,5.48,1.37X
600026,中远海能,2026-07-31,12.55,2.78%,动量: 突破转强 (阳线上穿5/10),13.66,17.77,1.20X
003038,鑫铂股份,2026-07-31,9.77,10.02%,形态: 10日内有涨停 | 趋势: 高于MA20 | 动量: 突破转强 (阳线上穿5/10),9.38,11.56,1.25X
000570,苏常柴Ａ,2026-07-15,4.91,1.03%,趋势: 高于MA20 | 动量: 突破转强 (阳线上穿5/10),4.88,5.68,1.02X
002406,远东传动,2026-07-31,6.68,3.09%,趋势: 高于MA20 | 动量: 突破转强 (阳线上穿5/10),6.48,7.31,1.29X
601058,赛轮轮胎,2026-07-15,13.33,3.01%,趋势: 高于MA20 | 动量: 突破转强 (阳线上穿5/10),12.19,12.78,1.03X
603617,君禾股份,2026-07-31,7.0,2.19%,趋势: 高于MA20 | 动量: 突破转强 (阳线上穿5/10),6.60,7.15,1.33X
600222,太龙药业,2026-07-15,7.89,0.90%,趋势: 高于MA20 | 动量: 突破转强 (阳线上穿5/10),7.44,7.57,1.22X
600257,大湖股份,2026-07-15,4.9,10.11%,形态: 10日内有涨停 | 趋势: 高于MA20 | 动量: 突破转强 (阳线上穿5/10),4.53,5.33,1.00X
600834,申通地铁,2026-07-31,7.28,1.11%,趋势: 高于MA20 | 动量: 突破转强 (阳线上穿5/10),7.00,7.29,1.33X
002563,森马服饰,2026-07-31,7.93,0.25%,趋势: 多头排列 (5>20>60) | 形态: 10日内有涨停 | 趋势: 高于MA20 | 动量: 突破转强 (阳线上穿5/10),6.85,5.95,0.92X
000735,罗 牛 山,2026-07-15,5.03,1.82%,趋势: 高于MA20 | 动量: 突破转强 (阳线上穿5/10),4.95,5.66,1.10X
600155,华创云信,2026-07-15,5.68,6.17%,量能: 放量 (1.77X) | 趋势: 高于MA20 | 动量: 突破转强 (阳线上穿5/10),5.53,5.79,1.77X
601928,凤凰传媒,2026-07-15,9.35,0.43%,趋势: 高于MA20 | 动量: 突破转强 (阳线上穿5/10),9.02,9.19,1.11X
601108,财通证券,2026-07-15,9.01,3.09%,趋势: 高于MA20 | 动量: 突破转强 (阳线上穿5/10),8.59,8.97,1.20X
002282,博深股份,2026-07-31,15.95,1.21%,"趋势: 多头排列 (5>20>60) | 形态: 两连阴 (-1.35%, -6.30%) | 趋势: 高于MA20",12.55,8.34,1.07X
000050,深天马Ａ,2026-07-15,6.72,-5.22%,"形态: 两连阴 (-7.61%, -0.98%)",8.88,8.27,1.15X
603968,醋化股份,2026-07-15,9.51,1.17%,动量: 突破转强 (阳线上穿5/10),9.54,10.94,0.96X
601319,中国人保,2026-07-15,7.41,3.49%,量能: 放量 (1.52X) | 趋势: 高于MA20 | 动量: 突破转强 (阳线上穿5/10),7.08,7.23,1.52X
600186,莲花控股,2026-07-15,10.25,3.02%,量能: 放量 (1.53X),12.64,11.27,1.53X
600027,华电国际,2026-07-15,4.63,0.22%,趋势: 高于MA20 | 动量: 突破转强 (阳线上穿5/10),4.59,4.97,1.13X
601952,苏垦农发,2026-07-15,8.07,2.41%,趋势: 高于MA20 | 动量: 突破转强 (阳线上穿5/10),7.79,8.70,0.94X
600697,欧亚集团,2026-07-15,10.07,1.92%,趋势: 高于MA20 | 动量: 突破转强 (阳线上穿5/10),9.99,11.19,0.86X
002892,科力尔,2026-07-31,9.5,1.71%,趋势: 高于MA20 | 动量: 突破转强 (阳线上穿5/10),9.16,10.08,1.19X
600789,鲁抗医药,2026-07-31,7.71,0.92%,趋势: 高于MA20 | 动量: 突破转强 (阳线上穿5/10),7.27,7.50,0.93X
002745,木林森,2026-07-15,11.95,-2.69%,趋势: 多头排列 (5>20>60) | 形态: 10日内有涨停,12.04,10.51,0.90X
002267,陕天然气,2026-07-15,7.11,0.85%,趋势: 高于MA20 | 动量: 突破转强 (阳线上穿5/10),6.85,7.37,1.16X
601966,玲珑轮胎,2026-07-15,10.87,1.02%,趋势: 高于MA20 | 动量: 突破转强 (阳线上穿5/10),10.63,12.04,1.24X
601198,东兴证券,2026-07-15,14.29,3.48%,趋势: 多头排列 (5>20>60) | 量能: 放量 (1.82X) | 趋势: 高于MA20 | 动量: 突破转强 (阳线上穿5/10),13.62,13.23,1.82X
002226,江南化工,2026-07-15,4.64,2.43%,趋势: 高于MA20 | 动量: 突破转强 (阳线上穿5/10),4.64,5.16,0.97X
600787,中储股份,2026-07-31,3.74,1.91%,动量: 突破转强 (阳线上穿5/10),3.88,4.41,1.11X
600106,重庆路桥,2026-07-31,4.37,1.16%,趋势: 高于MA20 | 动量: 突破转强 (阳线上穿5/10),4.33,4.96,0.67X
605388,均瑶健康,2026-07-15,5.13,3.22%,趋势: 高于MA20 | 动量: 突破转强 (阳线上穿5/10),5.01,6.06,1.11X
000686,东北证券,2026-07-31,8.11,0.12%,动量: 突破转强 (阳线上穿5/10),8.14,8.16,1.14X
002758,浙农股份,2026-07-31,9.88,1.02%,趋势: 多头排列 (5>20>60) | 趋势: 高于MA20 | 动量: 突破转强 (阳线上穿5/10),8.87,8.52,0.89X
603278,大业股份,2026-07-31,8.65,4.72%,动量: 突破转强 (阳线上穿5/10),8.99,11.76,1.27X
603679,华体科技,2026-07-31,19.3,9.91%,形态: 10日内有涨停 | 趋势: 高于MA20 | 动量: 突破转强 (阳线上穿5/10),17.53,18.10,1.23X
002082,万邦德,2026-07-31,9.81,4.92%,形态: 10日内有涨停 | 动量: 突破转强 (阳线上穿5/10),10.82,13.45,0.93X
000410,沈阳机床,2026-07-31,11.8,3.06%,趋势: 多头排列 (5>20>60) | 趋势: 高于MA20 | 动量: 突破转强 (阳线上穿5/10),8.64,6.46,1.06X
605555,德昌股份,2026-07-15,11.8,0.17%,"形态: 两连阴 (-2.89%, -2.64%)",12.81,14.89,0.89X
600398,海澜之家,2026-07-31,5.99,0.17%,趋势: 多头排列 (5>20>60) | 趋势: 高于MA20 | 动量: 突破转强 (阳线上穿5/10),5.78,5.78,1.08X
600639,浦东金桥,2026-07-15,9.75,1.25%,趋势: 高于MA20 | 动量: 突破转强 (阳线上穿5/10),9.46,9.97,0.92X
601398,工商银行,2026-07-15,7.51,0.13%,趋势: 高于MA20 | 动量: 突破转强 (阳线上穿5/10),7.25,7.34,0.86X
601001,晋控煤业,2026-07-15,18.13,4.50%,趋势: 高于MA20 | 动量: 突破转强 (阳线上穿5/10),18.09,18.53,1.03X
600258,首旅酒店,2026-07-15,11.58,4.70%,趋势: 高于MA20 | 动量: 突破转强 (阳线上穿5/10),11.46,13.09,1.33X
002603,以岭药业,2026-07-15,17.44,1.69%,量能: 放量 (1.53X) | 趋势: 高于MA20 | 动量: 突破转强 (阳线上穿5/10),15.56,16.04,1.53X
002858,力盛体育,2026-07-15,10.7,2.39%,动量: 突破转强 (阳线上穿5/10),11.15,13.51,0.94X
605001,威奥股份,2026-07-31,5.22,2.76%,动量: 突破转强 (阳线上穿5/10),5.24,6.00,1.23X
000407,胜利股份,2026-07-15,3.89,0.52%,趋势: 高于MA20 | 动量: 突破转强 (阳线上穿5/10),3.82,4.25,1.13X
002095,生 意 宝,2026-07-15,13.24,2.95%,趋势: 高于MA20 | 动量: 突破转强 (阳线上穿5/10),13.16,14.42,1.17X
601727,上海电气,2026-07-31,4.5,3.21%,动量: 突破转强 (阳线上穿5/10),5.25,7.01,1.00X
600833,第一医药,2026-07-15,10.04,0.90%,量能: 放量 (1.56X) | 趋势: 高于MA20 | 动量: 突破转强 (阳线上穿5/10),9.58,10.62,1.56X
603320,迪贝电气,2026-07-31,12.47,0.16%,"形态: 10日内有涨停 | 形态: 两连阴 (-2.76%, -1.89%)",14.29,19.37,0.74X
000829,天音控股,2026-07-15,8.29,6.83%,趋势: 高于MA20 | 动量: 突破转强 (阳线上穿5/10),7.75,9.30,1.34X
603182,嘉华股份,2026-07-31,11.75,1.82%,趋势: 高于MA20 | 动量: 突破转强 (阳线上穿5/10),11.57,12.66,0.89X
605008,长鸿高科,2026-07-15,12.15,5.56%,"量能: 放量 (2.41X) | 形态: 两连阴 (-2.28%, -0.60%) | 趋势: 高于MA20 | 动量: 突破转强 (阳线上穿5/10)",11.53,11.66,2.41X
002805,丰元股份,2026-07-15,20.37,-3.87%,"形态: 两连阴 (-3.13%, -0.89%)",26.01,23.15,0.83X
600847,万里股份,2026-07-31,14.86,2.13%,量能: 放量 (1.56X) | 趋势: 高于MA20 | 动量: 突破转强 (阳线上穿5/10),13.39,14.47,1.56X
002370,亚太药业,2026-07-31,4.85,1.68%,动量: 突破转强 (阳线上穿5/10),5.12,5.54,0.97X
600616,金枫酒业,2026-07-31,4.98,1.43%,趋势: 多头排列 (5>20>60) | 趋势: 高于MA20 | 动量: 突破转强 (阳线上穿5/10),4.51,4.42,1.11X
000862,银星能源,2026-07-15,4.79,2.13%,动量: 突破转强 (阳线上穿5/10),4.88,6.11,1.05X
002258,利尔化学,2026-07-31,4.36,0.69%,动量: 突破转强 (阳线上穿5/10),7.95,11.24,0.80X
603985,恒润股份,2026-07-31,15.22,7.87%,"量能: 放量 (1.54X) | 形态: 两连阴 (-1.06%, -5.56%)",17.72,22.26,1.54X
600728,佳都科技,2026-07-15,4.26,1.91%,动量: 突破转强 (阳线上穿5/10),4.33,5.08,0.94X
000506,招金黄金,2026-07-15,12.54,-8.00%,形态: 10日内有涨停,13.17,14.47,1.07X
000061,农 产 品,2026-07-15,5.77,2.12%,趋势: 高于MA20 | 动量: 突破转强 (阳线上穿5/10),5.65,6.41,1.05X
000421,南京公用,2026-07-31,5.93,1.72%,趋势: 高于MA20 | 动量: 突破转强 (阳线上穿5/10),5.53,5.64,0.96X
603927,中科软,2026-07-15,12.99,0.93%,动量: 突破转强 (阳线上穿5/10),13.10,15.00,0.94X
002921,联诚精密,2026-07-31,21.18,4.39%,动量: 突破转强 (阳线上穿5/10),23.31,25.79,1.44X
002279,久其软件,2026-07-15,5.76,1.77%,动量: 突破转强 (阳线上穿5/10),5.88,6.93,0.97X
600817,宇通重工,2026-07-15,9.29,1.98%,趋势: 高于MA20 | 动量: 突破转强 (阳线上穿5/10),9.07,10.12,1.32X
002088,鲁阳节能,2026-07-31,5.07,0.60%,动量: 突破转强 (阳线上穿5/10),6.07,7.87,0.95X
600864,哈投股份,2026-07-31,6.4,0.79%,趋势: 多头排列 (5>20>60) | 趋势: 高于MA20 | 动量: 突破转强 (阳线上穿5/10),5.86,5.64,1.05X
600449,宁夏建材,2026-07-31,4.93,2.07%,动量: 突破转强 (阳线上穿5/10),7.94,11.59,1.17X
600191,华资实业,2026-07-15,8.69,0.46%,"量能: 放量 (1.51X) | 形态: 两连阴 (-1.24%, -1.03%)",9.64,10.96,1.51X
002022,科华生物,2026-07-15,5.21,2.36%,趋势: 高于MA20 | 动量: 突破转强 (阳线上穿5/10),4.84,5.37,1.17X
603998,方盛制药,2026-07-15,10.17,2.94%,趋势: 高于MA20 | 动量: 突破转强 (阳线上穿5/10),9.42,10.02,1.23X
600517,国网英大,2026-07-31,9.63,0.31%,趋势: 多头排列 (5>20>60) | 形态: 10日内有涨停 | 趋势: 高于MA20 | 动量: 突破转强 (阳线上穿5/10),7.30,5.94,0.78X
600983,惠而浦,2026-07-15,7.48,2.47%,趋势: 高于MA20 | 动量: 突破转强 (阳线上穿5/10),7.31,8.54,1.37X
603098,森特股份,2026-07-31,10.02,3.73%,趋势: 高于MA20 | 动量: 突破转强 (阳线上穿5/10),9.75,11.35,1.33X
002453,华软科技,2026-07-31,4.13,2.48%,趋势: 高于MA20 | 动量: 突破转强 (阳线上穿5/10),4.03,5.05,0.79X
001338,永顺泰,2026-07-15,8.73,2.11%,动量: 突破转强 (阳线上穿5/10),8.78,10.77,1.03X
600855,航天长峰,2026-07-31,12.17,1.67%,趋势: 高于MA20 | 动量: 突破转强 (阳线上穿5/10),12.11,14.92,0.88X
000672,上峰水泥,2026-07-15,17.99,-1.26%,形态: 10日内有涨停,20.52,17.53,1.10X
601985,中国核电,2026-07-15,8.96,1.13%,趋势: 高于MA20 | 动量: 突破转强 (阳线上穿5/10),8.94,9.00,1.12X
603012,创力集团,2026-07-15,8.47,-1.63%,形态: 10日内有涨停 | 趋势: 高于MA20,8.13,8.68,1.35X
002272,川润股份,2026-07-15,20.37,0.69%,"形态: 两连阴 (-9.98%, -5.33%)",22.60,21.04,0.61X
002735,王子新材,2026-07-31,13.67,0.66%,形态: 10日内有涨停 | 趋势: 高于MA20 | 动量: 突破转强 (阳线上穿5/10),12.81,15.19,0.76X
600774,汉商集团,2026-07-31,13.08,10.01%,趋势: 多头排列 (5>20>60) | 量能: 放量 (1.75X) | 形态: 10日内有涨停 | 趋势: 高于MA20 | 动量: 突破转强 (阳线上穿5/10),9.71,8.17,1.75X
601798,蓝科高新,2026-07-15,7.07,0.43%,动量: 突破转强 (阳线上穿5/10),7.18,8.04,0.93X
600192,长城电工,2026-07-15,6.23,0.81%,"形态: 10日内有涨停 | 形态: 两连阴 (-6.91%, -0.32%)",6.76,7.57,0.95X
002457,青龙管业,2026-07-15,11.7,-8.31%,"趋势: 多头排列 (5>20>60) | 形态: 10日内有涨停 | 形态: 两连阴 (-10.03%, -10.01%)",13.41,12.49,1.09X
600539,狮头股份,2026-07-15,16.42,9.98%,"形态: 10日内有涨停 | 形态: 两连阴 (-10.00%, -3.55%) | 趋势: 高于MA20 | 动量: 突破转强 (阳线上穿5/10)",15.65,16.17,0.76X
603327,福蓉科技,2026-07-15,7.79,0.65%,形态: 10日内有涨停,9.13,10.10,0.70X
002511,中顺洁柔,2026-07-31,7.47,-0.40%,趋势: 高于MA20,7.13,7.20,1.24X
605122,四方新材,2026-07-15,10.74,1.51%,动量: 突破转强 (阳线上穿5/10),11.02,12.73,0.95X
605228,神通科技,2026-07-15,13.78,-3.84%,趋势: 高于MA20,13.73,13.91,1.20X
603055,台华新材,2026-07-31,6.33,3.26%,动量: 突破转强 (阳线上穿5/10),7.04,7.96,1.08X
000655,金岭矿业,2026-07-15,6.6,2.80%,趋势: 高于MA20 | 动量: 突破转强 (阳线上穿5/10),6.57,7.36,1.26X
601615,明阳智能,2026-07-15,10.22,1.49%,"形态: 两连阴 (-8.97%, -2.71%)",11.33,14.23,0.81X
002532,天山铝业,2026-07-15,12.75,4.08%,形态: 10日内有涨停 | 趋势: 高于MA20 | 动量: 突破转强 (阳线上穿5/10),11.55,14.39,1.42X
002153,石基信息,2026-07-15,7.54,1.62%,"形态: 两连阴 (-3.75%, -0.40%) | 趋势: 高于MA20",7.48,8.55,0.81X
001202,炬申股份,2026-07-31,10.37,2.37%,动量: 突破转强 (阳线上穿5/10),11.56,14.03,1.01X
002963,豪尔赛,2026-07-31,13.22,9.98%,"形态: 10日内有涨停 | 形态: 两连阴 (-0.54%, -6.97%) | 动量: 突破转强 (阳线上穿5/10)",15.51,17.90,0.65X
600410,华胜天成,2026-07-15,14.55,-2.68%,"形态: 10日内有涨停 | 形态: 两连阴 (-5.13%, -4.84%)",16.17,19.96,0.74X
600403,大有能源,2026-07-31,5.77,1.05%,趋势: 高于MA20 | 动量: 突破转强 (阳线上穿5/10),5.44,5.83,1.19X
600909,华安证券,2026-07-15,9.5,3.26%,形态: 10日内有涨停,10.37,7.83,1.07X
603766,隆鑫通用,2026-07-15,12.7,3.42%,趋势: 高于MA20 | 动量: 突破转强 (阳线上穿5/10),12.18,13.52,0.82X
002884,凌霄泵业,2026-07-31,19.2,3.17%,趋势: 多头排列 (5>20>60) | 趋势: 高于MA20 | 动量: 突破转强 (阳线上穿5/10),17.37,16.82,0.83X
002090,金智科技,2026-07-31,11.53,-0.17%,趋势: 多头排列 (5>20>60) | 趋势: 高于MA20,10.26,10.20,0.95X
600908,无锡银行,2026-07-15,5.45,1.87%,趋势: 高于MA20 | 动量: 突破转强 (阳线上穿5/10),5.28,5.48,1.04X
000633,合金投资,2026-07-31,4.9,0.41%,趋势: 高于MA20 | 动量: 突破转强 (阳线上穿5/10),4.84,5.36,1.23X
002627,三峡旅游,2026-07-31,7.04,2.18%,趋势: 高于MA20 | 动量: 突破转强 (阳线上穿5/10),6.48,6.57,1.26X
000819,岳阳兴长,2026-07-15,11.46,2.60%,动量: 突破转强 (阳线上穿5/10),11.86,14.32,0.86X
002027,分众传媒,2026-07-15,4.98,5.06%,"形态: 两连阴 (-1.25%, -0.21%) | 趋势: 高于MA20 | 动量: 突破转强 (阳线上穿5/10)",4.89,5.49,1.26X
002719,麦趣尔,2026-07-31,7.82,-1.39%,趋势: 高于MA20,6.87,7.08,1.30X
600663,陆家嘴,2026-07-15,6.78,3.83%,趋势: 高于MA20 | 动量: 突破转强 (阳线上穿5/10),6.47,7.17,1.14X
000159,国际实业,2026-07-15,5.6,1.63%,趋势: 高于MA20 | 动量: 突破转强 (阳线上穿5/10),5.55,6.23,1.01X
002660,茂硕电源,2026-07-15,6.41,1.91%,动量: 突破转强 (阳线上穿5/10),6.60,7.74,1.03X
603768,常青股份,2026-07-15,9.98,2.46%,趋势: 高于MA20 | 动量: 突破转强 (阳线上穿5/10),9.78,10.83,0.93X
002533,金杯电工,2026-07-31,12.63,0.48%,趋势: 高于MA20 | 动量: 突破转强 (阳线上穿5/10),11.80,12.07,0.99X
600848,上海临港,2026-07-31,8.96,2.75%,量能: 放量 (1.93X) | 趋势: 高于MA20 | 动量: 突破转强 (阳线上穿5/10),8.08,8.31,1.93X
000559,万向钱潮,2026-07-31,11.23,4.86%,量能: 放量 (1.63X) | 趋势: 高于MA20 | 动量: 突破转强 (阳线上穿5/10),11.16,13.82,1.63X
000156,华数传媒,2026-07-31,8.23,0.49%,趋势: 多头排列 (5>20>60) | 趋势: 高于MA20 | 动量: 突破转强 (阳线上穿5/10),7.42,7.07,0.78X
000597,东北制药,2026-07-31,14.98,-0.07%,趋势: 多头排列 (5>20>60) | 趋势: 高于MA20,10.35,6.52,1.01X
603078,江化微,2026-07-15,40.15,-3.86%,"形态: 两连阴 (-10.00%, -0.38%)",48.19,37.74,0.56X
002951,金时科技,2026-07-31,13.21,3.20%,形态: 10日内有涨停 | 趋势: 高于MA20 | 动量: 突破转强 (阳线上穿5/10),12.96,15.55,0.77X
603390,通达电气,2026-07-31,14.51,-3.14%,"趋势: 多头排列 (5>20>60) | 形态: 10日内有涨停 | 形态: 两连阴 (-3.87%, -9.98%) | 趋势: 高于MA20",13.29,12.77,1.03X
002471,中超控股,2026-07-31,5.18,1.97%,动量: 突破转强 (阳线上穿5/10),5.21,6.59,0.85X
600233,圆通速递,2026-07-15,17.5,1.45%,趋势: 高于MA20 | 动量: 突破转强 (阳线上穿5/10),16.53,18.52,1.22X
000931,中 关 村,2026-07-15,4.37,-0.68%,趋势: 高于MA20,4.23,4.40,0.95X
600287,苏豪时尚,2026-07-15,4.55,1.56%,趋势: 高于MA20 | 动量: 突破转强 (阳线上穿5/10),4.52,5.13,0.96X
000590,启迪药业,2026-07-15,8.4,1.08%,动量: 突破转强 (阳线上穿5/10),8.53,10.06,0.87X
000663,永安林业,2026-07-15,5.17,1.57%,动量: 突破转强 (阳线上穿5/10),5.23,5.95,0.85X
600857,宁波中百,2026-07-15,21.03,9.99%,"趋势: 多头排列 (5>20>60) | 形态: 10日内有涨停 | 形态: 两连阴 (-1.93%, -3.43%) | 趋势: 高于MA20 | 动量: 突破转强 (阳线上穿5/10)",18.88,15.63,0.95X
600971,恒源煤电,2026-07-15,7.93,7.02%,量能: 放量 (1.64X) | 趋势: 高于MA20 | 动量: 突破转强 (阳线上穿5/10),7.24,7.63,1.64X
